,__name__,container,cpu_architecture,endpoint,instance,job,namespace,block_devices_used,bytes_read,bytes_writes,cache_miss,cgroupfs_cpu_usage_us,cgroupfs_memory_usage_bytes,cgroupfs_system_cpu_usage_us,cgroupfs_user_cpu_usage_us,container_cpu_usage_seconds_total,container_memory_working_set_bytes,cpu_cycles,cpu_instr,cpu_time,energy_in_core_joule,energy_in_dram_joule,energy_in_gpu_joule,energy_in_other_joule,energy_in_pkg_joule,energy_in_uncore_joule,name,pod,service,timestamp,node_energy_stat
0,node_energy_stat,kepler-exporter,Broadwell,http,node1,kepler-exporter,monitoring,14,0,0,3961654,190586,2064384,77143,190586,1,430080,3789027892,2231100685,181704,40.570000,119.672000,0.000000,0.000000,160.242000,0.000000,node1,kepler-exporter-9qlzt,kepler-exporter,1666163349,0
1,node_energy_stat,kepler-exporter,Broadwell,http,node1,kepler-exporter,monitoring,14,0,0,5352142,356197,3190784,76713,356197,0,0,4832800989,2611456559,175499,40.952000,122.583000,0.000000,0.000000,163.535000,0.000000,node1,kepler-exporter-9qlzt,kepler-exporter,1666163502,0
2,node_energy_stat,kepler-exporter,Broadwell,http,node1,kepler-exporter,monitoring,14,0,0,7521725,947509,4145152,57500,947509,1,0,5742589979,2870498827,170191,44.920000,120.991000,0.000000,0.000000,165.911000,0.000000,node1,kepler-exporter-9qlzt,kepler-exporter,1666163421,0
3,node_energy_stat,kepler-exporter,Broadwell,http,node1,kepler-exporter,monitoring,14,0,0,8622392,1192947,3063808,116753,1192947,1,0,7261919932,8001703794,155688,68.709000,127.071000,0.000000,0.000000,195.780000,0.000000,node1,kepler-exporter-9qlzt,kepler-exporter,1666163790,0
4,node_energy_stat,kepler-exporter,Broadwell,http,node1,kepler-exporter,monitoring,14,0,0,9165767,1417248,6934528,245890,1417248,1,655360,7797297997,7790058458,151619,73.094000,129.566000,0.000000,0.000000,202.660000,0.000000,node1,kepler-exporter-9qlzt,kepler-exporter,1666163070,0
5,node_energy_stat,kepler-exporter,Broadwell,http,node1,kepler-exporter,monitoring,14,0,1011712,7600115,671284,2154496,184709,671284,0,0,5774618600,4285639004,191786,46.563000,128.027000,0.000000,0.000000,174.590000,0.000000,node1,kepler-exporter-9qlzt,kepler-exporter,1666163784,0
6,node_energy_stat,kepler-exporter,Broadwell,http,node1,kepler-exporter,monitoring,14,0,1019904,4520577,204040,3809280,56723,204040,0,0,4349695457,2284122305,174904,40.954000,121.315000,0.000000,0.000000,162.269000,0.000000,node1,kepler-exporter-9qlzt,kepler-exporter,1666163517,0
7,node_energy_stat,kepler-exporter,Broadwell,http,node1,kepler-exporter,monitoring,14,0,1019904,6937946,560436,18726912,132990,560436,0,0,5128455750,3911731196,167762,55.854000,122.760000,0.000000,0.000000,178.614000,0.000000,node1,kepler-exporter-9qlzt,kepler-exporter,1666163154,0
8,node_energy_stat,kepler-exporter,Broadwell,http,node1,kepler-exporter,monitoring,14,0,102400,11156436,1722236,3182592,308029,1722236,0,0,8910326842,3732022697,167373,64.677000,131.770000,0.000000,0.000000,196.447000,0.000000,node1,kepler-exporter-9qlzt,kepler-exporter,1666162983,0
9,node_energy_stat,kepler-exporter,Broadwell,http,node1,kepler-exporter,monitoring,14,0,102400,3183049,205109,3137536,84077,205109,1,458752,3603214112,2250215174,149902,42.692000,118.446000,0.000000,0.000000,161.138000,0.000000,node1,kepler-exporter-9qlzt,kepler-exporter,1666163229,0
10,node_energy_stat,kepler-exporter,Broadwell,http,node1,kepler-exporter,monitoring,14,0,102400,3391653,322976,1687552,85680,322976,1,200704,3512150300,1706656445,201683,44.682000,117.602000,0.000000,0.000000,162.284000,0.000000,node1,kepler-exporter-9qlzt,kepler-exporter,1666163271,0
11,node_energy_stat,kepler-exporter,Broadwell,http,node1,kepler-exporter,monitoring,14,0,102400,4100729,312100,2252800,60430,312100,2,0,3388622005,1722271163,142783,38.748000,119.403000,0.000000,0.000000,158.151000,0.000000,node1,kepler-exporter-9qlzt,kepler-exporter,1666163001,0
12,node_energy_stat,kepler-exporter,Broadwell,http,node1,kepler-exporter,monitoring,14,0,102400,4262079,306114,3485696,98978,306114,3,0,4202318038,2719837997,155334,43.773000,121.872000,0.000000,0.000000,165.645000,0.000000,node1,kepler-exporter-9qlzt,kepler-exporter,1666163631,0
13,node_energy_stat,kepler-exporter,Broadwell,http,node1,kepler-exporter,monitoring,14,0,102400,4778686,395746,13975552,148288,395746,0,0,4350221206,2281540479,162971,40.570000,121.071000,0.000000,0.000000,161.641000,0.000000,node1,kepler-exporter-9qlzt,kepler-exporter,1666163397,0
14,node_energy_stat,kepler-exporter,Broadwell,http,node1,kepler-exporter,monitoring,14,0,102400,9049494,1239556,2912256,142809,1239556,1,331776,7433856091,8195588466,170128,64.322000,127.549000,0.000000,0.000000,191.871000,0.000000,node1,kepler-exporter-9qlzt,kepler-exporter,1666163910,0
15,node_energy_stat,kepler-exporter,Broadwell,http,node1,kepler-exporter,monitoring,14,0,1024000,11661075,1483180,9150464,229388,1483180,0,0,8565326420,4496668711,201226,56.657000,133.034000,0.000000,0.000000,189.691000,0.000000,node1,kepler-exporter-9qlzt,kepler-exporter,1666163475,0
16,node_energy_stat,kepler-exporter,Broadwell,http,node1,kepler-exporter,monitoring,14,0,1024000,7722762,694726,2428928,194606,694726,0,0,5781367931,3626323660,230911,41.906000,127.495000,0.000000,0.000000,169.401000,0.000000,node1,kepler-exporter-9qlzt,kepler-exporter,1666163505,0
17,node_energy_stat,kepler-exporter,Broadwell,http,node1,kepler-exporter,monitoring,14,0,1028096,6218422,623567,4988928,223429,623567,0,0,5527631394,3477288959,249195,58.062000,130.068000,0.000000,0.000000,188.130000,0.000000,node1,kepler-exporter-9qlzt,kepler-exporter,1666163676,0
18,node_energy_stat,kepler-exporter,Broadwell,http,node1,kepler-exporter,monitoring,14,0,1040384,7033581,658648,1810432,162900,658648,0,0,5405089209,3588034934,162575,53.017000,123.601000,0.000000,0.000000,176.618000,0.000000,node1,kepler-exporter-9qlzt,kepler-exporter,1666163454,0
19,node_energy_stat,kepler-exporter,Broadwell,http,node1,kepler-exporter,monitoring,14,0,106496,3429802,191794,4202496,86293,191794,1,479232,3617289537,2124527108,169736,42.678000,118.138000,0.000000,0.000000,160.816000,0.000000,node1,kepler-exporter-9qlzt,kepler-exporter,1666163769,0
20,node_energy_stat,kepler-exporter,Broadwell,http,node1,kepler-exporter,monitoring,14,0,1069056,6974613,622713,2420736,186371,622713,0,0,5372520159,3953397596,162987,86.191000,129.017000,0.000000,0.000000,215.208000,0.000000,node1,kepler-exporter-9qlzt,kepler-exporter,1666162986,0
21,node_energy_stat,kepler-exporter,Broadwell,http,node1,kepler-exporter,monitoring,14,0,1085440,7758902,609684,5693440,116222,609684,0,0,5277002940,4214181441,209975,52.887000,123.264000,0.000000,0.000000,176.151000,0.000000,node1,kepler-exporter-9qlzt,kepler-exporter,1666163094,0
22,node_energy_stat,kepler-exporter,Broadwell,http,node1,kepler-exporter,monitoring,14,0,1089536,6462782,421962,13402112,137381,421962,0,0,5227402973,4413684100,158622,65.709000,125.747000,0.000000,0.000000,191.456000,0.000000,node1,kepler-exporter-9qlzt,kepler-exporter,1666163076,0
23,node_energy_stat,kepler-exporter,Broadwell,http,node1,kepler-exporter,monitoring,14,0,110592,7518855,925602,3051520,296369,925602,0,0,6425078984,2550922628,180023,40.429000,130.005000,0.000000,0.000000,170.434000,0.000000,node1,kepler-exporter-9qlzt,kepler-exporter,1666163043,0
24,node_energy_stat,kepler-exporter,Broadwell,http,node1,kepler-exporter,monitoring,14,0,110592,8358813,936356,10530816,233305,936356,0,0,6300283202,2627306286,186192,38.330000,129.703000,0.000000,0.000000,168.033000,0.000000,node1,kepler-exporter-9qlzt,kepler-exporter,1666163073,0
25,node_energy_stat,kepler-exporter,Broadwell,http,node1,kepler-exporter,monitoring,14,0,1118208,6103305,387434,8437760,124807,387434,0,0,4527282278,3621878764,158724,65.181000,125.000000,0.000000,0.000000,190.181000,0.000000,node1,kepler-exporter-9qlzt,kepler-exporter,1666163316,0
26,node_energy_stat,kepler-exporter,Broadwell,http,node1,kepler-exporter,monitoring,14,0,118784,5120505,210910,8011776,78159,210910,0,0,4587138909,2451111597,218393,39.840000,123.015000,0.000000,0.000000,162.855000,0.000000,node1,kepler-exporter-9qlzt,kepler-exporter,1666163037,0
27,node_energy_stat,kepler-exporter,Broadwell,http,node1,kepler-exporter,monitoring,14,0,1187840,5066521,402492,2510848,57371,402492,0,0,4693769253,2269841559,243911,41.513000,121.647000,0.000000,0.000000,163.160000,0.000000,node1,kepler-exporter-9qlzt,kepler-exporter,1666163352,0
28,node_energy_stat,kepler-exporter,Broadwell,http,node1,kepler-exporter,monitoring,14,0,1200128,7291977,690311,3629056,174839,690311,0,0,5318135577,3543086149,172662,49.504000,125.187000,0.000000,0.000000,174.691000,0.000000,node1,kepler-exporter-9qlzt,kepler-exporter,1666163244,0
29,node_energy_stat,kepler-exporter,Broadwell,http,node1,kepler-exporter,monitoring,14,0,12288,5723764,377878,14385152,196411,377878,0,0,5170622809,2571262292,160552,43.032000,123.741000,0.000000,0.000000,166.773000,0.000000,node1,kepler-exporter-9qlzt,kepler-exporter,1666163637,0
30,node_energy_stat,kepler-exporter,Broadwell,http,node1,kepler-exporter,monitoring,14,0,122880,18828860,3428332,3411968,298348,3428332,1,229376,13750573667,10861347613,170461,104.812000,129.306000,0.000000,0.000000,234.118000,0.000000,node1,kepler-exporter-9qlzt,kepler-exporter,1666163460,0
31,node_energy_stat,kepler-exporter,Broadwell,http,node1,kepler-exporter,monitoring,14,0,122880,4853013,538372,2883584,116038,538372,2,16384,4621428089,2434674530,160035,40.962000,124.660000,0.000000,0.000000,165.622000,0.000000,node1,kepler-exporter-9qlzt,kepler-exporter,1666163931,0
32,node_energy_stat,kepler-exporter,Broadwell,http,node1,kepler-exporter,monitoring,14,0,122880,7871653,820041,6897664,290487,820041,0,0,6501937984,3171257513,163871,45.521000,126.990000,0.000000,0.000000,172.511000,0.000000,node1,kepler-exporter-9qlzt,kepler-exporter,1666163013,0
33,node_energy_stat,kepler-exporter,Broadwell,http,node1,kepler-exporter,monitoring,14,0,1241088,6821949,660915,2482176,136902,660915,0,0,4943761022,3469369047,180439,49.904000,124.435000,0.000000,0.000000,174.339000,0.000000,node1,kepler-exporter-9qlzt,kepler-exporter,1666163604,0
34,node_energy_stat,kepler-exporter,Broadwell,http,node1,kepler-exporter,monitoring,14,0,1249280,6057046,659343,16371712,292427,659343,0,0,5522781825,2762780859,172046,47.231000,126.938000,0.000000,0.000000,174.169000,0.000000,node1,kepler-exporter-9qlzt,kepler-exporter,1666163058,0
35,node_energy_stat,kepler-exporter,Broadwell,http,node1,kepler-exporter,monitoring,14,0,1249280,9060152,1196408,2621440,91590,1196408,0,0,6726223361,4477644298,167395,59.864000,122.924000,0.000000,0.000000,182.788000,0.000000,node1,kepler-exporter-9qlzt,kepler-exporter,1666163844,0
36,node_energy_stat,kepler-exporter,Broadwell,http,node1,kepler-exporter,monitoring,14,0,1257472,5216620,500740,7491584,210500,500740,0,0,4769586770,2360001879,162753,45.099000,124.411000,0.000000,0.000000,169.510000,0.000000,node1,kepler-exporter-9qlzt,kepler-exporter,1666163418,0
37,node_energy_stat,kepler-exporter,Broadwell,http,node1,kepler-exporter,monitoring,14,0,126976,3565807,289497,6488064,73968,289497,2,0,3289627639,1733058412,164941,38.294000,120.582000,0.000000,0.000000,158.876000,0.000000,node1,kepler-exporter-9qlzt,kepler-exporter,1666163241,0
38,node_energy_stat,kepler-exporter,Broadwell,http,node1,kepler-exporter,monitoring,14,0,126976,4557277,270526,10457088,67893,270526,0,0,4428634833,2578468109,189153,41.978000,120.674000,0.000000,0.000000,162.652000,0.000000,node1,kepler-exporter-9qlzt,kepler-exporter,1666163652,0
39,node_energy_stat,kepler-exporter,Broadwell,http,node1,kepler-exporter,monitoring,14,0,126976,4970297,329391,1683456,73169,329391,2,0,4235365876,2373809283,171326,40.306000,121.241000,0.000000,0.000000,161.547000,0.000000,node1,kepler-exporter-9qlzt,kepler-exporter,1666163901,0
40,node_energy_stat,kepler-exporter,Broadwell,http,node1,kepler-exporter,monitoring,14,0,126976,5830467,711583,6193152,321389,711583,0,0,5575062313,2207059079,179127,49.783000,125.671000,0.000000,0.000000,175.454000,0.000000,node1,kepler-exporter-9qlzt,kepler-exporter,1666163958,0
41,node_energy_stat,kepler-exporter,Broadwell,http,node1,kepler-exporter,monitoring,14,0,1306624,6893064,574957,8531968,140376,574957,0,0,4838143021,3452438557,173867,49.531000,123.532000,0.000000,0.000000,173.063000,0.000000,node1,kepler-exporter-9qlzt,kepler-exporter,1666163484,0
42,node_energy_stat,kepler-exporter,Broadwell,http,node1,kepler-exporter,monitoring,14,0,131072,6605707,673787,7868416,284144,673787,0,0,6019183716,2807953756,170829,49.561000,130.866000,0.000000,0.000000,180.427000,0.000000,node1,kepler-exporter-9qlzt,kepler-exporter,1666163598,0
43,node_energy_stat,kepler-exporter,Broadwell,http,node1,kepler-exporter,monitoring,14,0,1318912,6687711,595607,6115328,114311,595607,0,0,5127556910,4049692684,188121,53.634000,124.291000,0.000000,0.000000,177.925000,0.000000,node1,kepler-exporter-9qlzt,kepler-exporter,1666163814,0
44,node_energy_stat,kepler-exporter,Broadwell,http,node1,kepler-exporter,monitoring,14,0,135168,4029525,319310,2961408,79001,319310,2,0,3772361075,2207680066,179374,41.469000,120.542000,0.000000,0.000000,162.011000,0.000000,node1,kepler-exporter-9qlzt,kepler-exporter,1666163841,0
45,node_energy_stat,kepler-exporter,Broadwell,http,node1,kepler-exporter,monitoring,14,0,135168,4935574,368162,6086656,66357,368162,0,0,4406645702,2066894238,167161,40.887000,121.684000,0.000000,0.000000,162.571000,0.000000,node1,kepler-exporter-9qlzt,kepler-exporter,1666163292,0
46,node_energy_stat,kepler-exporter,Broadwell,http,node1,kepler-exporter,monitoring,14,0,135168,5864341,319771,2654208,51882,319771,0,0,4957458292,2269457096,228456,39.565000,124.208000,0.000000,0.000000,163.773000,0.000000,node1,kepler-exporter-9qlzt,kepler-exporter,1666162992,0
47,node_energy_stat,kepler-exporter,Broadwell,http,node1,kepler-exporter,monitoring,14,0,1359872,9549590,1374334,11927552,249376,1374334,1,0,7832746106,7806985972,156569,71.032000,130.539000,0.000000,0.000000,201.571000,0.000000,node1,kepler-exporter-9qlzt,kepler-exporter,1666163640,0
48,node_energy_stat,kepler-exporter,Broadwell,http,node1,kepler-exporter,monitoring,14,0,1363968,7203925,685955,2285568,334639,685955,0,0,6668596997,3288066137,215422,48.240000,130.813000,0.000000,0.000000,179.053000,0.000000,node1,kepler-exporter-9qlzt,kepler-exporter,1666163748,0
49,node_energy_stat,kepler-exporter,Broadwell,http,node1,kepler-exporter,monitoring,14,0,139264,3817675,194211,2232320,82970,194211,2,1740800,3737863081,2176469254,172057,39.479000,121.695000,0.000000,0.000000,161.174000,0.000000,node1,kepler-exporter-9qlzt,kepler-exporter,1666163319,0
50,node_energy_stat,kepler-exporter,Broadwell,http,node1,kepler-exporter,monitoring,14,0,139264,5601741,327756,3784704,112897,327756,1,712704,5234065572,3006834064,169971,40.961000,123.778000,0.000000,0.000000,164.739000,0.000000,node1,kepler-exporter-9qlzt,kepler-exporter,1666163799,0
51,node_energy_stat,kepler-exporter,Broadwell,http,node1,kepler-exporter,monitoring,14,0,147456,2767120,188403,3919872,86394,188403,1,0,3105676813,1832891177,162491,45.129000,114.747000,0.000000,0.000000,159.876000,0.000000,node1,kepler-exporter-9qlzt,kepler-exporter,1666163859,0
52,node_energy_stat,kepler-exporter,Broadwell,http,node1,kepler-exporter,monitoring,14,0,147456,3724415,340283,1622016,86198,340283,1,0,3328131467,1622822994,152460,36.823000,122.488000,0.000000,0.000000,159.311000,0.000000,node1,kepler-exporter-9qlzt,kepler-exporter,1666163031,0
53,node_energy_stat,kepler-exporter,Broadwell,http,node1,kepler-exporter,monitoring,14,0,147456,4027367,226381,18853888,66522,226381,0,0,4382258730,2539212566,170369,47.117000,120.495000,0.000000,0.000000,167.612000,0.000000,node1,kepler-exporter-9qlzt,kepler-exporter,1666163157,0
54,node_energy_stat,kepler-exporter,Broadwell,http,node1,kepler-exporter,monitoring,14,0,147456,5798169,631006,10203136,287721,631006,0,0,5407356352,2608447562,171027,54.151000,126.064000,0.000000,0.000000,180.215000,0.000000,node1,kepler-exporter-9qlzt,kepler-exporter,1666163778,0
55,node_energy_stat,kepler-exporter,Broadwell,http,node1,kepler-exporter,monitoring,14,0,151552,3946788,294160,2269184,99270,294160,3,598016,3766925929,2095203290,167284,41.666000,119.041000,0.000000,0.000000,160.707000,0.000000,node1,kepler-exporter-9qlzt,kepler-exporter,1666163949,0
56,node_energy_stat,kepler-exporter,Broadwell,http,node1,kepler-exporter,monitoring,14,0,155648,5316461,351979,2748416,85629,351979,0,0,4684002897,2365247803,164322,41.860000,121.691000,0.000000,0.000000,163.551000,0.000000,node1,kepler-exporter-9qlzt,kepler-exporter,1666163487,0
57,node_energy_stat,kepler-exporter,Broadwell,http,node1,kepler-exporter,monitoring,14,0,16384,4424401,294005,2768896,54835,294005,1,569344,4119923997,2383484792,153867,40.478000,122.192000,0.000000,0.000000,162.670000,0.000000,node1,kepler-exporter-9qlzt,kepler-exporter,1666163511,0
58,node_energy_stat,kepler-exporter,Broadwell,http,node1,kepler-exporter,monitoring,14,0,167936,3933021,292041,4055040,78507,292041,1,0,3495626727,2185357429,163514,39.608000,121.237000,0.000000,0.000000,160.845000,0.000000,node1,kepler-exporter-9qlzt,kepler-exporter,1666163391,0
59,node_energy_stat,kepler-exporter,Broadwell,http,node1,kepler-exporter,monitoring,14,0,20480,5002671,322861,3747840,67039,322861,0,0,4615056403,2735901718,173304,48.463000,119.139000,0.000000,0.000000,167.602000,0.000000,node1,kepler-exporter-9qlzt,kepler-exporter,1666163592,0
60,node_energy_stat,kepler-exporter,Broadwell,http,node1,kepler-exporter,monitoring,14,0,24576,13097082,597337,2707456,294856,597337,0,0,10615110879,4366566819,165456,60.357000,127.304000,0.000000,0.000000,187.661000,0.000000,node1,kepler-exporter-9qlzt,kepler-exporter,1666163628,0
61,node_energy_stat,kepler-exporter,Broadwell,http,node1,kepler-exporter,monitoring,14,0,24576,16542241,1267737,6443008,184453,1267737,3,598016,12625272798,10004363540,153164,76.856000,132.492000,0.000000,0.000000,209.348000,0.000000,node1,kepler-exporter-9qlzt,kepler-exporter,1666163520,0
62,node_energy_stat,kepler-exporter,Broadwell,http,node1,kepler-exporter,monitoring,14,0,24576,3084414,200104,1970176,84721,200104,1,311296,3178737928,2050621905,153414,42.570000,117.325000,0.000000,0.000000,159.895000,0.000000,node1,kepler-exporter-9qlzt,kepler-exporter,1666163169,0
63,node_energy_stat,kepler-exporter,Broadwell,http,node1,kepler-exporter,monitoring,14,0,24576,3879911,292261,2838528,55897,292261,1,0,3551219163,2275440362,170375,39.739000,120.262000,0.000000,0.000000,160.001000,0.000000,node1,kepler-exporter-9qlzt,kepler-exporter,1666163601,0
64,node_energy_stat,kepler-exporter,Broadwell,http,node1,kepler-exporter,monitoring,14,0,24576,4197900,180780,2285568,85894,180780,2,471040,3844805155,2250765197,160450,42.303000,120.822000,0.000000,0.000000,163.125000,0.000000,node1,kepler-exporter-9qlzt,kepler-exporter,1666163709,0
65,node_energy_stat,kepler-exporter,Broadwell,http,node1,kepler-exporter,monitoring,14,0,24576,4845774,326229,5509120,62019,326229,0,0,4684848291,2636527444,160907,47.810000,119.299000,0.000000,0.000000,167.109000,0.000000,node1,kepler-exporter-9qlzt,kepler-exporter,1666163772,0
66,node_energy_stat,kepler-exporter,Broadwell,http,node1,kepler-exporter,monitoring,14,0,24576,8595491,1379164,3350528,221525,1379164,1,229376,7880305376,8431807823,173060,74.641000,128.061000,0.000000,0.000000,202.702000,0.000000,node1,kepler-exporter-9qlzt,kepler-exporter,1666163430,0
67,node_energy_stat,kepler-exporter,Broadwell,http,node1,kepler-exporter,monitoring,14,0,28672,13419198,671792,2822144,277102,671792,0,0,10334956020,4419474287,213406,67.634000,128.248000,0.000000,0.000000,195.882000,0.000000,node1,kepler-exporter-9qlzt,kepler-exporter,1666163718,0
68,node_energy_stat,kepler-exporter,Broadwell,http,node1,kepler-exporter,monitoring,14,0,28672,22126338,5144330,9707520,1399664,5144330,3,0,21985708469,20546241798,106944,165.008000,155.215000,0.000000,0.000000,320.223000,0.000000,node1,kepler-exporter-9qlzt,kepler-exporter,1666163331,0
69,node_energy_stat,kepler-exporter,Broadwell,http,node1,kepler-exporter,monitoring,14,0,28672,5361273,652657,5492736,298810,652657,0,0,5508671989,2601587614,178793,49.297000,124.219000,0.000000,0.000000,173.516000,0.000000,node1,kepler-exporter-9qlzt,kepler-exporter,1666163268,0
70,node_energy_stat,kepler-exporter,Broadwell,http,node1,kepler-exporter,monitoring,14,0,28672,6745352,1203332,14073856,174517,1203332,2,163840,6868005600,7579840269,166277,73.368000,124.793000,0.000000,0.000000,198.161000,0.000000,node1,kepler-exporter-9qlzt,kepler-exporter,1666163160,0
71,node_energy_stat,kepler-exporter,Broadwell,http,node1,kepler-exporter,monitoring,14,0,290816,3646369,263757,1466368,64593,263757,1,0,3410158990,1651654297,173671,40.097000,118.472000,0.000000,0.000000,158.569000,0.000000,node1,kepler-exporter-9qlzt,kepler-exporter,1666163151,0
72,node_energy_stat,kepler-exporter,Broadwell,http,node1,kepler-exporter,monitoring,14,0,311296,5233524,342190,6410240,59241,342190,0,0,4747808398,2372214661,262942,41.824000,122.531000,0.000000,0.000000,164.355000,0.000000,node1,kepler-exporter-9qlzt,kepler-exporter,1666162962,0
73,node_energy_stat,kepler-exporter,Broadwell,http,node1,kepler-exporter,monitoring,14,0,323584,17560992,2599266,5210112,339294,2599266,0,0,10572659647,4549164640,160962,54.133000,126.214000,0.000000,0.000000,180.347000,0.000000,node1,kepler-exporter-9qlzt,kepler-exporter,1666163583,0
74,node_energy_stat,kepler-exporter,Broadwell,http,node1,kepler-exporter,monitoring,14,0,323584,7474247,567420,12713984,107527,567420,0,0,5334144917,3519746890,162301,53.491000,125.482000,0.000000,0.000000,178.973000,0.000000,node1,kepler-exporter-9qlzt,kepler-exporter,1666163394,0
75,node_energy_stat,kepler-exporter,Broadwell,http,node1,kepler-exporter,monitoring,14,0,323584,8651739,832358,3325952,296227,832358,0,0,6516346951,3802403231,156105,53.077000,133.577000,0.000000,0.000000,186.654000,0.000000,node1,kepler-exporter-9qlzt,kepler-exporter,1666163745,0
76,node_energy_stat,kepler-exporter,Broadwell,http,node1,kepler-exporter,monitoring,14,0,32768,4589777,296901,2883584,73462,296901,1,0,4422147752,2800788318,193307,41.488000,123.276000,0.000000,0.000000,164.764000,0.000000,node1,kepler-exporter-9qlzt,kepler-exporter,1666163541,0
77,node_energy_stat,kepler-exporter,Broadwell,http,node1,kepler-exporter,monitoring,14,0,32768,4614142,308897,1904640,147147,308897,2,0,4314302359,2312950408,145907,39.740000,124.340000,0.000000,0.000000,164.080000,0.000000,node1,kepler-exporter-9qlzt,kepler-exporter,1666163529,0
78,node_energy_stat,kepler-exporter,Broadwell,http,node1,kepler-exporter,monitoring,14,0,32768,4773817,366878,1347584,95940,366878,0,0,4782556024,2356518816,162603,42.593000,120.157000,0.000000,0.000000,162.750000,0.000000,node1,kepler-exporter-9qlzt,kepler-exporter,1666163367,0
79,node_energy_stat,kepler-exporter,Broadwell,http,node1,kepler-exporter,monitoring,14,0,32768,5709004,405519,5242880,75943,405519,0,0,4818541928,2239075890,163330,40.323000,121.496000,0.000000,0.000000,161.819000,0.000000,node1,kepler-exporter-9qlzt,kepler-exporter,1666163862,0
80,node_energy_stat,kepler-exporter,Broadwell,http,node1,kepler-exporter,monitoring,14,0,32768,9048285,1403984,5574656,221521,1403984,1,176128,8346610515,8408520034,179972,76.319000,127.442000,0.000000,0.000000,203.761000,0.000000,node1,kepler-exporter-9qlzt,kepler-exporter,1666163250,0
81,node_energy_stat,kepler-exporter,Broadwell,http,node1,kepler-exporter,monitoring,14,0,327680,6573033,489359,6189056,115375,489359,0,0,4503473858,3221036022,161700,43.977000,123.983000,0.000000,0.000000,167.960000,0.000000,node1,kepler-exporter-9qlzt,kepler-exporter,1666163574,0
82,node_energy_stat,kepler-exporter,Broadwell,http,node1,kepler-exporter,monitoring,14,0,327680,7651447,595002,2215936,124195,595002,0,0,5609122937,4189084988,172458,53.815000,125.190000,0.000000,0.000000,179.005000,0.000000,node1,kepler-exporter-9qlzt,kepler-exporter,1666163754,0
83,node_energy_stat,kepler-exporter,Broadwell,http,node1,kepler-exporter,monitoring,14,0,331776,4908143,291349,4255744,100725,291349,0,0,4787258280,2654487081,161222,40.809000,123.530000,0.000000,0.000000,164.339000,0.000000,node1,kepler-exporter-9qlzt,kepler-exporter,1666163682,0
84,node_energy_stat,kepler-exporter,Broadwell,http,node1,kepler-exporter,monitoring,14,0,331776,4920048,446362,2646016,110993,446362,0,0,4112342831,3121882443,164377,53.920000,118.553000,0.000000,0.000000,172.473000,0.000000,node1,kepler-exporter-9qlzt,kepler-exporter,1666163274,0
85,node_energy_stat,kepler-exporter,Broadwell,http,node1,kepler-exporter,monitoring,14,0,335872,5767602,667141,20996096,275180,667141,0,0,5344009170,2544049525,169168,44.743000,124.894000,0.000000,0.000000,169.637000,0.000000,node1,kepler-exporter-9qlzt,kepler-exporter,1666163088,0
86,node_energy_stat,kepler-exporter,Broadwell,http,node1,kepler-exporter,monitoring,14,0,335872,6325324,465262,2359296,144710,465262,0,0,4877155463,3646246977,156196,64.510000,122.488000,0.000000,0.000000,186.998000,0.000000,node1,kepler-exporter-9qlzt,kepler-exporter,1666163136,0
87,node_energy_stat,kepler-exporter,Broadwell,http,node1,kepler-exporter,monitoring,14,0,339968,10189100,1121906,8077312,94354,1121906,0,0,6828242989,4625657422,169776,59.833000,125.469000,0.000000,0.000000,185.302000,0.000000,node1,kepler-exporter-9qlzt,kepler-exporter,1666163034,0
88,node_energy_stat,kepler-exporter,Broadwell,http,node1,kepler-exporter,monitoring,14,0,339968,6082195,438164,5353472,117385,438164,0,0,4514463815,3014349679,160041,46.225000,122.785000,0.000000,0.000000,169.010000,0.000000,node1,kepler-exporter-9qlzt,kepler-exporter,1666163856,0
89,node_energy_stat,kepler-exporter,Broadwell,http,node1,kepler-exporter,monitoring,14,0,344064,3625312,282445,10313728,76783,282445,2,0,3232638450,1614257912,172619,38.734000,119.789000,0.000000,0.000000,158.523000,0.000000,node1,kepler-exporter-9qlzt,kepler-exporter,1666163781,0
90,node_energy_stat,kepler-exporter,Broadwell,http,node1,kepler-exporter,monitoring,14,0,344064,6066402,383117,5193728,120777,383117,0,0,5010529844,3721449164,173248,46.513000,123.845000,0.000000,0.000000,170.358000,0.000000,node1,kepler-exporter-9qlzt,kepler-exporter,1666163466,0
91,node_energy_stat,kepler-exporter,Broadwell,http,node1,kepler-exporter,monitoring,14,0,344064,7285038,687519,3608576,165080,687519,0,0,5070011011,3620484448,157591,54.670000,124.249000,0.000000,0.000000,178.919000,0.000000,node1,kepler-exporter-9qlzt,kepler-exporter,1666163664,0
92,node_energy_stat,kepler-exporter,Broadwell,http,node1,kepler-exporter,monitoring,14,0,348160,6474455,492597,4255744,175668,492597,0,0,5004239616,3771637792,161433,65.053000,126.562000,0.000000,0.000000,191.615000,0.000000,node1,kepler-exporter-9qlzt,kepler-exporter,1666163436,0
93,node_energy_stat,kepler-exporter,Broadwell,http,node1,kepler-exporter,monitoring,14,0,352256,10022357,1240146,5066752,159375,1240146,0,0,6781512655,3662975696,157141,74.339000,126.931000,0.000000,0.000000,201.270000,0.000000,node1,kepler-exporter-9qlzt,kepler-exporter,1666163796,0
94,node_energy_stat,kepler-exporter,Broadwell,http,node1,kepler-exporter,monitoring,14,0,352256,5871794,358920,7393280,108360,358920,0,0,4731094270,3433007452,163108,56.966000,123.133000,0.000000,0.000000,180.099000,0.000000,node1,kepler-exporter-9qlzt,kepler-exporter,1666163826,0
95,node_energy_stat,kepler-exporter,Broadwell,http,node1,kepler-exporter,monitoring,14,0,352256,5967939,372710,11239424,118758,372710,0,0,4507374067,3168099799,217208,48.807000,121.632000,0.000000,0.000000,170.439000,0.000000,node1,kepler-exporter-9qlzt,kepler-exporter,1666163646,0
96,node_energy_stat,kepler-exporter,Broadwell,http,node1,kepler-exporter,monitoring,14,0,352256,7358842,651415,14331904,119825,651415,0,0,5365748087,4131870983,178301,51.224000,124.711000,0.000000,0.000000,175.935000,0.000000,node1,kepler-exporter-9qlzt,kepler-exporter,1666162974,0
97,node_energy_stat,kepler-exporter,Broadwell,http,node1,kepler-exporter,monitoring,14,0,352256,7784916,690318,11149312,162849,690318,0,0,5586128158,4299466003,163413,55.613000,123.301000,0.000000,0.000000,178.914000,0.000000,node1,kepler-exporter-9qlzt,kepler-exporter,1666163004,0
98,node_energy_stat,kepler-exporter,Broadwell,http,node1,kepler-exporter,monitoring,14,0,352256,8584202,778532,12054528,271439,778532,0,0,6376819097,3743914923,158127,57.568000,131.750000,0.000000,0.000000,189.318000,0.000000,node1,kepler-exporter-9qlzt,kepler-exporter,1666163565,0
99,node_energy_stat,kepler-exporter,Broadwell,http,node1,kepler-exporter,monitoring,14,0,356352,3995408,284306,3596288,69202,284306,1,0,3363979876,1668129219,154773,38.362000,119.960000,0.000000,0.000000,158.322000,0.000000,node1,kepler-exporter-9qlzt,kepler-exporter,1666163121,0
100,node_energy_stat,kepler-exporter,Broadwell,http,node1,kepler-exporter,monitoring,14,0,356352,6917481,412265,3805184,133846,412265,0,0,5547592415,4348115088,170765,51.758000,124.740000,0.000000,0.000000,176.498000,0.000000,node1,kepler-exporter-9qlzt,kepler-exporter,1666163046,0
101,node_energy_stat,kepler-exporter,Broadwell,http,node1,kepler-exporter,monitoring,14,0,360448,20189955,5124864,11104256,1643019,5124864,0,0,22328188300,22012716792,103560,167.494000,155.898000,0.000000,0.000000,323.392000,0.000000,node1,kepler-exporter-9qlzt,kepler-exporter,1666163334,0
102,node_energy_stat,kepler-exporter,Broadwell,http,node1,kepler-exporter,monitoring,14,0,360448,5740944,390633,5988352,121998,390633,0,0,4795608000,3302895976,157351,49.455000,122.455000,0.000000,0.000000,171.910000,0.000000,node1,kepler-exporter-9qlzt,kepler-exporter,1666163736,0
103,node_energy_stat,kepler-exporter,Broadwell,http,node1,kepler-exporter,monitoring,14,0,360448,6050964,414460,9048064,117126,414460,0,0,4880826257,3734218195,200568,55.889000,122.247000,0.000000,0.000000,178.136000,0.000000,node1,kepler-exporter-9qlzt,kepler-exporter,1666163286,0
104,node_energy_stat,kepler-exporter,Broadwell,http,node1,kepler-exporter,monitoring,14,0,360448,7270685,502789,9428992,128193,502789,0,0,5418050517,4079264158,201387,53.808000,126.863000,0.000000,0.000000,180.671000,0.000000,node1,kepler-exporter-9qlzt,kepler-exporter,1666163934,0
105,node_energy_stat,kepler-exporter,Broadwell,http,node1,kepler-exporter,monitoring,14,0,360448,7595973,689622,6270976,162698,689622,0,0,5400872646,3913726561,164782,47.527000,123.960000,0.000000,0.000000,171.487000,0.000000,node1,kepler-exporter-9qlzt,kepler-exporter,1666163724,0
106,node_energy_stat,kepler-exporter,Broadwell,http,node1,kepler-exporter,monitoring,14,0,364544,10601515,1363947,11091968,219501,1363947,0,0,7525134694,4300115200,157750,54.139000,122.039000,0.000000,0.000000,176.178000,0.000000,node1,kepler-exporter-9qlzt,kepler-exporter,1666163304,0
107,node_energy_stat,kepler-exporter,Broadwell,http,node1,kepler-exporter,monitoring,14,0,364544,5955754,476215,1368064,103661,476215,0,0,4832994874,3334926966,174754,49.287000,121.609000,0.000000,0.000000,170.896000,0.000000,node1,kepler-exporter-9qlzt,kepler-exporter,1666163694,0
108,node_energy_stat,kepler-exporter,Broadwell,http,node1,kepler-exporter,monitoring,14,0,364544,6006932,378687,4689920,125355,378687,0,0,4690291956,3615485426,163706,51.412000,122.369000,0.000000,0.000000,173.781000,0.000000,node1,kepler-exporter-9qlzt,kepler-exporter,1666163256,0
109,node_energy_stat,kepler-exporter,Broadwell,http,node1,kepler-exporter,monitoring,14,0,364544,6412981,367172,5464064,107770,367172,0,0,4699754899,3627484904,171012,46.812000,123.863000,0.000000,0.000000,170.675000,0.000000,node1,kepler-exporter-9qlzt,kepler-exporter,1666163016,0
110,node_energy_stat,kepler-exporter,Broadwell,http,node1,kepler-exporter,monitoring,14,0,364544,6422978,507289,3796992,124287,507289,0,0,5140638508,3835176161,163884,47.410000,123.911000,0.000000,0.000000,171.321000,0.000000,node1,kepler-exporter-9qlzt,kepler-exporter,1666163925,0
111,node_energy_stat,kepler-exporter,Broadwell,http,node1,kepler-exporter,monitoring,14,0,364544,9616034,1352020,12492800,188619,1352020,1,323584,8119827674,8511039476,186539,81.490000,130.012000,0.000000,0.000000,211.502000,0.000000,node1,kepler-exporter-9qlzt,kepler-exporter,1666163310,0
112,node_energy_stat,kepler-exporter,Broadwell,http,node1,kepler-exporter,monitoring,14,0,36864,3214886,191884,1662976,86426,191884,1,0,3297547318,2097676814,152691,45.317000,115.997000,0.000000,0.000000,161.314000,0.000000,node1,kepler-exporter-9qlzt,kepler-exporter,1666163259,0
113,node_energy_stat,kepler-exporter,Broadwell,http,node1,kepler-exporter,monitoring,14,0,36864,3958858,191382,4608000,52773,191382,0,0,3775420682,1568296834,167803,39.511000,120.154000,0.000000,0.000000,159.665000,0.000000,node1,kepler-exporter-9qlzt,kepler-exporter,1666163817,0
114,node_energy_stat,kepler-exporter,Broadwell,http,node1,kepler-exporter,monitoring,14,0,36864,4080170,203094,6557696,53966,203094,0,0,3716890945,1588544876,174301,40.112000,119.258000,0.000000,0.000000,159.370000,0.000000,node1,kepler-exporter-9qlzt,kepler-exporter,1666163727,0
115,node_energy_stat,kepler-exporter,Broadwell,http,node1,kepler-exporter,monitoring,14,0,36864,4491493,198746,5570560,65740,198746,0,0,4304514775,2322727698,171222,41.915000,121.378000,0.000000,0.000000,163.293000,0.000000,node1,kepler-exporter-9qlzt,kepler-exporter,1666163097,0
116,node_energy_stat,kepler-exporter,Broadwell,http,node1,kepler-exporter,monitoring,14,0,36864,5042480,633446,4411392,276438,633446,0,0,5384415461,2749093427,261525,46.588000,124.922000,0.000000,0.000000,171.510000,0.000000,node1,kepler-exporter-9qlzt,kepler-exporter,1666163178,0
117,node_energy_stat,kepler-exporter,Broadwell,http,node1,kepler-exporter,monitoring,14,0,36864,9186220,1419597,5685248,252034,1419597,1,577536,8473638177,8508691909,178520,66.179000,130.693000,0.000000,0.000000,196.872000,0.000000,node1,kepler-exporter-9qlzt,kepler-exporter,1666163490,0
118,node_energy_stat,kepler-exporter,Broadwell,http,node1,kepler-exporter,monitoring,14,0,368640,6132713,381672,6090752,112823,381672,0,0,4765801845,3208429776,159734,45.148000,124.111000,0.000000,0.000000,169.259000,0.000000,node1,kepler-exporter-9qlzt,kepler-exporter,1666163946,0
119,node_energy_stat,kepler-exporter,Broadwell,http,node1,kepler-exporter,monitoring,14,0,368640,6810294,451082,2088960,162374,451082,0,0,5194291136,3975690659,153122,66.120000,124.665000,0.000000,0.000000,190.785000,0.000000,node1,kepler-exporter-9qlzt,kepler-exporter,1666163166,0
120,node_energy_stat,kepler-exporter,Broadwell,http,node1,kepler-exporter,monitoring,14,0,372736,12628117,1650739,15933440,241296,1650739,0,0,9321468038,4875196937,216245,52.373000,134.544000,0.000000,0.000000,186.917000,0.000000,node1,kepler-exporter-9qlzt,kepler-exporter,1666163085,0
121,node_energy_stat,kepler-exporter,Broadwell,http,node1,kepler-exporter,monitoring,14,0,372736,6058295,398395,2887680,122493,398395,0,0,4908492452,3756102857,156403,50.946000,121.879000,0.000000,0.000000,172.825000,0.000000,node1,kepler-exporter-9qlzt,kepler-exporter,1666163406,0
122,node_energy_stat,kepler-exporter,Broadwell,http,node1,kepler-exporter,monitoring,14,0,372736,7416567,642232,11698176,200894,642232,0,0,5464877005,3431633685,163776,43.519000,130.619000,0.000000,0.000000,174.138000,0.000000,node1,kepler-exporter-9qlzt,kepler-exporter,1666163805,0
123,node_energy_stat,kepler-exporter,Broadwell,http,node1,kepler-exporter,monitoring,14,0,376832,6359066,389451,5795840,134795,389451,0,0,4838720003,3657815434,159886,55.388000,123.027000,0.000000,0.000000,178.415000,0.000000,node1,kepler-exporter-9qlzt,kepler-exporter,1666163226,0
124,node_energy_stat,kepler-exporter,Broadwell,http,node1,kepler-exporter,monitoring,14,0,376832,7754651,679188,14262272,183457,679188,0,0,6168926853,4088714532,176953,43.130000,129.623000,0.000000,0.000000,172.753000,0.000000,node1,kepler-exporter-9qlzt,kepler-exporter,1666163205,0
125,node_energy_stat,kepler-exporter,Broadwell,http,node1,kepler-exporter,monitoring,14,0,376832,9125826,1483003,3518464,210333,1483003,1,122880,8170097725,8444283828,168534,72.110000,127.268000,0.000000,0.000000,199.378000,0.000000,node1,kepler-exporter-9qlzt,kepler-exporter,1666163550,0
126,node_energy_stat,kepler-exporter,Broadwell,http,node1,kepler-exporter,monitoring,14,0,380928,6215314,555478,4993024,122432,555478,0,0,4606313660,3325352567,155040,48.149000,123.079000,0.000000,0.000000,171.228000,0.000000,node1,kepler-exporter-9qlzt,kepler-exporter,1666163514,0
127,node_energy_stat,kepler-exporter,Broadwell,http,node1,kepler-exporter,monitoring,14,0,380928,6720434,388026,4096000,127221,388026,0,0,5266804580,3764505741,164831,51.131000,124.827000,0.000000,0.000000,175.958000,0.000000,node1,kepler-exporter-9qlzt,kepler-exporter,1666163376,0
128,node_energy_stat,kepler-exporter,Broadwell,http,node1,kepler-exporter,monitoring,14,0,380928,6791361,533393,10641408,183464,533393,0,0,5280869533,3376613877,158147,53.801000,124.771000,0.000000,0.000000,178.572000,0.000000,node1,kepler-exporter-9qlzt,kepler-exporter,1666163766,0
129,node_energy_stat,kepler-exporter,Broadwell,http,node1,kepler-exporter,monitoring,14,0,385024,4045462,366785,1884160,93580,366785,1,0,3835827784,2332914978,200733,40.430000,120.743000,0.000000,0.000000,161.173000,0.000000,node1,kepler-exporter-9qlzt,kepler-exporter,1666163451,0
130,node_energy_stat,kepler-exporter,Broadwell,http,node1,kepler-exporter,monitoring,14,0,385024,6724913,587131,9310208,123965,587131,0,0,5073584530,4029297550,158604,54.029000,120.554000,0.000000,0.000000,174.583000,0.000000,node1,kepler-exporter-9qlzt,kepler-exporter,1666163874,0
131,node_energy_stat,kepler-exporter,Broadwell,http,node1,kepler-exporter,monitoring,14,0,385024,7364646,703271,8409088,242013,703271,0,0,5918286240,3677975016,168366,47.527000,127.835000,0.000000,0.000000,175.362000,0.000000,node1,kepler-exporter-9qlzt,kepler-exporter,1666163445,0
132,node_energy_stat,kepler-exporter,Broadwell,http,node1,kepler-exporter,monitoring,14,0,389120,6812641,449529,4354048,156258,449529,0,0,4788369574,3220197978,158412,56.066000,125.028000,0.000000,0.000000,181.094000,0.000000,node1,kepler-exporter-9qlzt,kepler-exporter,1666163706,0
133,node_energy_stat,kepler-exporter,Broadwell,http,node1,kepler-exporter,monitoring,14,0,393216,7474529,610427,4165632,206446,610427,0,0,5825296015,4178095814,206829,48.201000,127.918000,0.000000,0.000000,176.119000,0.000000,node1,kepler-exporter-9qlzt,kepler-exporter,1666163865,0
134,node_energy_stat,kepler-exporter,Broadwell,http,node1,kepler-exporter,monitoring,14,0,393216,7932817,796413,7991296,278439,796413,0,0,6535435200,4190747543,163822,52.599000,129.114000,0.000000,0.000000,181.713000,0.000000,node1,kepler-exporter-9qlzt,kepler-exporter,1666163265,0
135,node_energy_stat,kepler-exporter,Broadwell,http,node1,kepler-exporter,monitoring,14,0,393216,8659251,1291993,1400832,111167,1291993,0,0,6605468968,3959715767,159132,61.257000,120.793000,0.000000,0.000000,182.050000,0.000000,node1,kepler-exporter-9qlzt,kepler-exporter,1666163364,0
136,node_energy_stat,kepler-exporter,Broadwell,http,node1,kepler-exporter,monitoring,14,0,397312,7535971,679815,5849088,146513,679815,0,0,5310503085,4246326580,171210,53.024000,124.294000,0.000000,0.000000,177.318000,0.000000,node1,kepler-exporter-9qlzt,kepler-exporter,1666163064,0
137,node_energy_stat,kepler-exporter,Broadwell,http,node1,kepler-exporter,monitoring,14,0,401408,10944905,1321732,6758400,156034,1321732,0,0,7607446353,4073578150,164110,70.851000,130.225000,0.000000,0.000000,201.076000,0.000000,node1,kepler-exporter-9qlzt,kepler-exporter,1666163586,0
138,node_energy_stat,kepler-exporter,Broadwell,http,node1,kepler-exporter,monitoring,14,0,401408,8308359,551596,2678784,166052,551596,0,0,6249747216,3763110595,177365,48.413000,128.163000,0.000000,0.000000,176.576000,0.000000,node1,kepler-exporter-9qlzt,kepler-exporter,1666163835,0
139,node_energy_stat,kepler-exporter,Broadwell,http,node1,kepler-exporter,monitoring,14,0,401408,8422152,672346,6111232,236761,672346,0,0,6348924977,4063226214,174055,43.545000,131.682000,0.000000,0.000000,175.227000,0.000000,node1,kepler-exporter-9qlzt,kepler-exporter,1666162965,0
140,node_energy_stat,kepler-exporter,Broadwell,http,node1,kepler-exporter,monitoring,14,0,401408,8930499,1155529,8929280,117456,1155529,1,0,7405802114,8067433197,180300,68.285000,130.287000,0.000000,0.000000,198.572000,0.000000,node1,kepler-exporter-9qlzt,kepler-exporter,1666163940,0
141,node_energy_stat,kepler-exporter,Broadwell,http,node1,kepler-exporter,monitoring,14,0,401408,9759569,1163219,14278656,147933,1163219,0,0,6686400327,4011519709,155180,56.890000,124.921000,0.000000,0.000000,181.811000,0.000000,node1,kepler-exporter-9qlzt,kepler-exporter,1666163634,0
142,node_energy_stat,kepler-exporter,Broadwell,http,node1,kepler-exporter,monitoring,14,0,405504,10225598,1248661,9388032,164145,1248661,0,0,7552857112,4484796892,170591,68.775000,128.385000,0.000000,0.000000,197.160000,0.000000,node1,kepler-exporter-9qlzt,kepler-exporter,1666163196,0
143,node_energy_stat,kepler-exporter,Broadwell,http,node1,kepler-exporter,monitoring,14,0,405504,8598284,634857,2502656,169732,634857,0,0,6040801935,4267017334,201580,54.574000,124.869000,0.000000,0.000000,179.443000,0.000000,node1,kepler-exporter-9qlzt,kepler-exporter,1666163544,0
144,node_energy_stat,kepler-exporter,Broadwell,http,node1,kepler-exporter,monitoring,14,0,4096,3671756,181314,1880064,66175,181314,1,0,3329313805,1599929106,199572,39.022000,118.732000,0.000000,0.000000,157.754000,0.000000,node1,kepler-exporter-9qlzt,kepler-exporter,1666162989,0
145,node_energy_stat,kepler-exporter,Broadwell,http,node1,kepler-exporter,monitoring,14,0,4096,5035649,326406,5009408,60737,326406,0,0,4418395242,1945126770,165059,39.565000,122.121000,0.000000,0.000000,161.686000,0.000000,node1,kepler-exporter-9qlzt,kepler-exporter,1666163232,0
146,node_energy_stat,kepler-exporter,Broadwell,http,node1,kepler-exporter,monitoring,14,0,4096,8185890,683308,4116480,217216,683308,0,0,9297133931,8797956480,217729,77.700000,133.186000,0.000000,0.000000,210.886000,0.000000,node1,kepler-exporter-9qlzt,kepler-exporter,1666163313,0
147,node_energy_stat,kepler-exporter,Broadwell,http,node1,kepler-exporter,monitoring,14,0,40960,4112580,272582,3997696,68165,272582,2,0,3701072461,2155107512,174966,41.125000,118.950000,0.000000,0.000000,160.075000,0.000000,node1,kepler-exporter-9qlzt,kepler-exporter,1666163871,0
148,node_energy_stat,kepler-exporter,Broadwell,http,node1,kepler-exporter,monitoring,14,0,40960,4130079,569960,8105984,233322,569960,0,0,4455660797,1950700056,161087,45.366000,119.807000,0.000000,0.000000,165.173000,0.000000,node1,kepler-exporter-9qlzt,kepler-exporter,1666163493,0
149,node_energy_stat,kepler-exporter,Broadwell,http,node1,kepler-exporter,monitoring,14,0,40960,4823342,372454,3133440,62303,372454,1,0,4098140920,2337364539,209876,38.618000,122.026000,0.000000,0.000000,160.644000,0.000000,node1,kepler-exporter-9qlzt,kepler-exporter,1666163571,0
150,node_energy_stat,kepler-exporter,Broadwell,http,node1,kepler-exporter,monitoring,14,0,40960,5283583,275983,1929216,62035,275983,0,0,4644655718,2276842741,175003,41.105000,121.625000,0.000000,0.000000,162.730000,0.000000,node1,kepler-exporter-9qlzt,kepler-exporter,1666163922,0
151,node_energy_stat,kepler-exporter,Broadwell,http,node1,kepler-exporter,monitoring,14,0,40960,5319875,209514,1716224,78657,209514,0,0,4991592180,2820999701,183364,44.428000,122.015000,0.000000,0.000000,166.443000,0.000000,node1,kepler-exporter-9qlzt,kepler-exporter,1666163607,0
152,node_energy_stat,kepler-exporter,Broadwell,http,node1,kepler-exporter,monitoring,14,0,40960,9634443,1213403,2240512,158804,1213403,1,0,8145907408,8316158153,188661,74.174000,132.034000,0.000000,0.000000,206.208000,0.000000,node1,kepler-exporter-9qlzt,kepler-exporter,1666163880,0
153,node_energy_stat,kepler-exporter,Broadwell,http,node1,kepler-exporter,monitoring,14,0,409600,10086479,907934,2461696,266915,907934,0,0,7419305940,4537080500,189117,45.614000,132.744000,0.000000,0.000000,178.358000,0.000000,node1,kepler-exporter-9qlzt,kepler-exporter,1666163115,0
154,node_energy_stat,kepler-exporter,Broadwell,http,node1,kepler-exporter,monitoring,14,0,409600,11195616,1520058,1871872,191046,1520058,0,0,8308025944,5124444804,163000,59.538000,128.105000,0.000000,0.000000,187.643000,0.000000,node1,kepler-exporter-9qlzt,kepler-exporter,1666163904,0
155,node_energy_stat,kepler-exporter,Broadwell,http,node1,kepler-exporter,monitoring,14,0,409600,12629417,1442210,5095424,230828,1442210,0,0,9112340301,4858689989,239879,50.707000,131.972000,0.000000,0.000000,182.679000,0.000000,node1,kepler-exporter-9qlzt,kepler-exporter,1666163145,0
156,node_energy_stat,kepler-exporter,Broadwell,http,node1,kepler-exporter,monitoring,14,0,409600,6920311,429887,10059776,137471,429887,0,0,5118830136,3296215312,162816,50.315000,125.534000,0.000000,0.000000,175.849000,0.000000,node1,kepler-exporter-9qlzt,kepler-exporter,1666163556,0
157,node_energy_stat,kepler-exporter,Broadwell,http,node1,kepler-exporter,monitoring,14,0,409600,9316338,740355,1593344,252462,740355,0,0,7561755855,4402023409,187208,51.740000,133.407000,0.000000,0.000000,185.147000,0.000000,node1,kepler-exporter-9qlzt,kepler-exporter,1666163625,0
158,node_energy_stat,kepler-exporter,Broadwell,http,node1,kepler-exporter,monitoring,14,0,413696,11766527,1425944,3588096,253958,1425944,0,0,8365164066,4924855710,156332,61.741000,132.841000,0.000000,0.000000,194.582000,0.000000,node1,kepler-exporter-9qlzt,kepler-exporter,1666163955,0
159,node_energy_stat,kepler-exporter,Broadwell,http,node1,kepler-exporter,monitoring,14,0,413696,18831134,5207082,10665984,1584840,5207082,0,0,22751089956,23165333353,163596,166.961000,154.289000,0.000000,0.000000,321.250000,0.000000,node1,kepler-exporter-9qlzt,kepler-exporter,1666163325,0
160,node_energy_stat,kepler-exporter,Broadwell,http,node1,kepler-exporter,monitoring,14,0,413696,20592190,3083982,6524928,342954,3083982,0,0,13062179567,6411179212,236441,70.127000,131.559000,0.000000,0.000000,201.686000,0.000000,node1,kepler-exporter-9qlzt,kepler-exporter,1666163415,0
161,node_energy_stat,kepler-exporter,Broadwell,http,node1,kepler-exporter,monitoring,14,0,417792,6379719,448117,8880128,112126,448117,0,0,5155532109,3844237888,168178,53.752000,122.884000,0.000000,0.000000,176.636000,0.000000,node1,kepler-exporter-9qlzt,kepler-exporter,1666163496,0
162,node_energy_stat,kepler-exporter,Broadwell,http,node1,kepler-exporter,monitoring,14,0,421888,3769113,240102,11431936,88458,240102,1,614400,3713577573,2129823377,203740,42.877000,117.470000,0.000000,0.000000,160.347000,0.000000,node1,kepler-exporter-9qlzt,kepler-exporter,1666163649,0
163,node_energy_stat,kepler-exporter,Broadwell,http,node1,kepler-exporter,monitoring,14,0,425984,19109551,2827900,3072000,245679,2827900,0,0,11825012704,5945319924,190284,57.916000,129.331000,0.000000,0.000000,187.247000,0.000000,node1,kepler-exporter-9qlzt,kepler-exporter,1666163535,0
164,node_energy_stat,kepler-exporter,Broadwell,http,node1,kepler-exporter,monitoring,14,0,425984,20876421,3000741,15339520,396202,3000741,0,0,12828004565,6733566450,167046,76.583000,132.495000,0.000000,0.000000,209.078000,0.000000,node1,kepler-exporter-9qlzt,kepler-exporter,1666163055,0
165,node_energy_stat,kepler-exporter,Broadwell,http,node1,kepler-exporter,monitoring,14,0,430080,19918552,2795476,5279744,221643,2795476,0,0,11714641503,5944026335,200701,55.949000,127.869000,0.000000,0.000000,183.818000,0.000000,node1,kepler-exporter-9qlzt,kepler-exporter,1666163655,0
166,node_energy_stat,kepler-exporter,Broadwell,http,node1,kepler-exporter,monitoring,14,0,430080,7776550,769578,7524352,247024,769578,0,0,6034660488,3658342575,201005,61.248000,130.693000,0.000000,0.000000,191.941000,0.000000,node1,kepler-exporter-9qlzt,kepler-exporter,1666163595,0
167,node_energy_stat,kepler-exporter,Broadwell,http,node1,kepler-exporter,monitoring,14,0,434176,19527957,2852316,10838016,225292,2852316,0,0,11700042346,6037924218,181980,51.187000,126.790000,0.000000,0.000000,177.977000,0.000000,node1,kepler-exporter-9qlzt,kepler-exporter,1666163775,0
168,node_energy_stat,kepler-exporter,Broadwell,http,node1,kepler-exporter,monitoring,14,0,442368,7652308,609306,4435968,182299,609306,0,0,5859725368,4272669620,168096,50.135000,126.904000,0.000000,0.000000,177.039000,0.000000,node1,kepler-exporter-9qlzt,kepler-exporter,1666163895,0
169,node_energy_stat,kepler-exporter,Broadwell,http,node1,kepler-exporter,monitoring,14,0,45056,3068291,191254,1708032,88867,191254,1,1232896,3014655179,1815681764,145116,40.664000,118.476000,0.000000,0.000000,159.140000,0.000000,node1,kepler-exporter-9qlzt,kepler-exporter,1666163889,0
170,node_energy_stat,kepler-exporter,Broadwell,http,node1,kepler-exporter,monitoring,14,0,45056,3536861,411720,2375680,112317,411720,2,0,4190863745,2418409851,185767,42.218000,119.723000,0.000000,0.000000,161.941000,0.000000,node1,kepler-exporter-9qlzt,kepler-exporter,1666163691,0
171,node_energy_stat,kepler-exporter,Broadwell,http,node1,kepler-exporter,monitoring,14,0,45056,3581057,190250,4632576,77695,190250,1,12288,3196598976,1645433118,189930,39.515000,120.094000,0.000000,0.000000,159.609000,0.000000,node1,kepler-exporter-9qlzt,kepler-exporter,1666163079,0
172,node_energy_stat,kepler-exporter,Broadwell,http,node1,kepler-exporter,monitoring,14,0,45056,3963014,200906,8351744,65395,200906,0,0,3755326789,1606927980,152498,39.065000,120.085000,0.000000,0.000000,159.150000,0.000000,node1,kepler-exporter-9qlzt,kepler-exporter,1666163937,0
173,node_energy_stat,kepler-exporter,Broadwell,http,node1,kepler-exporter,monitoring,14,0,45056,5375531,358089,3739648,65285,358089,0,0,4414364556,1974473419,163131,40.115000,120.640000,0.000000,0.000000,160.755000,0.000000,node1,kepler-exporter-9qlzt,kepler-exporter,1666163412,0
174,node_energy_stat,kepler-exporter,Broadwell,http,node1,kepler-exporter,monitoring,14,0,45056,5489318,341084,4575232,58651,341084,0,0,4762020564,2177888746,171865,40.569000,121.378000,0.000000,0.000000,161.947000,0.000000,node1,kepler-exporter-9qlzt,kepler-exporter,1666163202,0
175,node_energy_stat,kepler-exporter,Broadwell,http,node1,kepler-exporter,monitoring,14,0,45056,5899096,522920,8458240,232879,522920,0,0,4733913411,2663295693,189851,58.804000,124.226000,0.000000,0.000000,183.030000,0.000000,node1,kepler-exporter-9qlzt,kepler-exporter,1666162998,0
176,node_energy_stat,kepler-exporter,Broadwell,http,node1,kepler-exporter,monitoring,14,0,45056,6249312,651338,5685248,241782,651338,0,0,5439123198,2605617380,170074,46.966000,124.026000,0.000000,0.000000,170.992000,0.000000,node1,kepler-exporter-9qlzt,kepler-exporter,1666163688,0
177,node_energy_stat,kepler-exporter,Broadwell,http,node1,kepler-exporter,monitoring,14,0,45056,6547405,666028,3088384,288171,666028,0,0,5280063769,2164571577,161868,43.686000,128.640000,0.000000,0.000000,172.326000,0.000000,node1,kepler-exporter-9qlzt,kepler-exporter,1666163223,0
178,node_energy_stat,kepler-exporter,Broadwell,http,node1,kepler-exporter,monitoring,14,0,450560,10862401,1299342,9515008,153301,1299342,0,0,7963247396,4356241901,143804,55.857000,128.298000,0.000000,0.000000,184.155000,0.000000,node1,kepler-exporter-9qlzt,kepler-exporter,1666163526,0
179,node_energy_stat,kepler-exporter,Broadwell,http,node1,kepler-exporter,monitoring,14,0,454656,11229305,1372127,6184960,152903,1372127,0,0,7736830688,4178270330,168572,52.970000,127.641000,0.000000,0.000000,180.611000,0.000000,node1,kepler-exporter-9qlzt,kepler-exporter,1666163685,0
180,node_energy_stat,kepler-exporter,Broadwell,http,node1,kepler-exporter,monitoring,14,0,454656,19903390,3017657,19070976,313342,3017657,0,0,12653548565,6523362896,228991,60.269000,128.083000,0.000000,0.000000,188.352000,0.000000,node1,kepler-exporter-9qlzt,kepler-exporter,1666163295,0
181,node_energy_stat,kepler-exporter,Broadwell,http,node1,kepler-exporter,monitoring,14,0,454656,8085618,745546,3842048,246980,745546,0,0,6656015969,3822592117,171413,43.662000,132.406000,0.000000,0.000000,176.068000,0.000000,node1,kepler-exporter-9qlzt,kepler-exporter,1666163355,0
182,node_energy_stat,kepler-exporter,Broadwell,http,node1,kepler-exporter,monitoring,14,0,458752,19388433,3056899,5283840,274630,3056899,0,0,12562742797,6392665302,173955,62.576000,128.436000,0.000000,0.000000,191.012000,0.000000,node1,kepler-exporter-9qlzt,kepler-exporter,1666163175,0
183,node_energy_stat,kepler-exporter,Broadwell,http,node1,kepler-exporter,monitoring,14,0,458752,9016062,832275,7233536,250900,832275,0,0,6838780311,4351829616,173140,47.105000,133.323000,0.000000,0.000000,180.428000,0.000000,node1,kepler-exporter-9qlzt,kepler-exporter,1666163235,0
184,node_energy_stat,kepler-exporter,Broadwell,http,node1,kepler-exporter,monitoring,14,0,483328,7723576,851283,2932736,234473,851283,0,0,6491569432,3896307038,141078,47.722000,131.351000,0.000000,0.000000,179.073000,0.000000,node1,kepler-exporter-9qlzt,kepler-exporter,1666163424,0
185,node_energy_stat,kepler-exporter,Broadwell,http,node1,kepler-exporter,monitoring,14,0,49152,18568298,4170810,1912832,1120227,4170810,0,0,22454714995,22599673814,183508,152.087000,150.806000,0.000000,0.000000,302.893000,0.000000,node1,kepler-exporter-9qlzt,kepler-exporter,1666163322,0
186,node_energy_stat,kepler-exporter,Broadwell,http,node1,kepler-exporter,monitoring,14,0,49152,3098337,180561,3100672,77554,180561,2,303104,3110062431,1997326732,147013,41.241000,117.713000,0.000000,0.000000,158.954000,0.000000,node1,kepler-exporter-9qlzt,kepler-exporter,1666163379,0
187,node_energy_stat,kepler-exporter,Broadwell,http,node1,kepler-exporter,monitoring,14,0,49152,3760965,255150,4202496,114186,255150,1,0,3731960465,2088481005,160384,41.603000,121.112000,0.000000,0.000000,162.715000,0.000000,node1,kepler-exporter-9qlzt,kepler-exporter,1666163679,0
188,node_energy_stat,kepler-exporter,Broadwell,http,node1,kepler-exporter,monitoring,14,0,49152,4073510,198957,9224192,55814,198957,0,0,3793367198,2087504399,217439,39.593000,120.981000,0.000000,0.000000,160.574000,0.000000,node1,kepler-exporter-9qlzt,kepler-exporter,1666163007,0
189,node_energy_stat,kepler-exporter,Broadwell,http,node1,kepler-exporter,monitoring,14,0,49152,4288707,227668,2592768,55261,227668,0,0,4144124497,2444276938,176793,44.036000,119.517000,0.000000,0.000000,163.553000,0.000000,node1,kepler-exporter-9qlzt,kepler-exporter,1666163532,0
190,node_energy_stat,kepler-exporter,Broadwell,http,node1,kepler-exporter,monitoring,14,0,49152,6579880,661683,4141056,290986,661683,0,0,6262600007,3020122690,186352,52.633000,128.006000,0.000000,0.000000,180.639000,0.000000,node1,kepler-exporter-9qlzt,kepler-exporter,1666163658,0
191,node_energy_stat,kepler-exporter,Broadwell,http,node1,kepler-exporter,monitoring,14,0,49152,7736444,1144780,17821696,130015,1144780,1,0,7341065618,8224911711,174786,65.801000,126.219000,0.000000,0.000000,192.020000,0.000000,node1,kepler-exporter-9qlzt,kepler-exporter,1666163400,0
192,node_energy_stat,kepler-exporter,Broadwell,http,node1,kepler-exporter,monitoring,14,0,49152,8892880,1271022,2457600,174255,1271022,1,69632,7878295474,8227984405,168803,68.782000,127.048000,0.000000,0.000000,195.830000,0.000000,node1,kepler-exporter-9qlzt,kepler-exporter,1666163820,0
193,node_energy_stat,kepler-exporter,Broadwell,http,node1,kepler-exporter,monitoring,14,0,49152,9731604,1386624,2744320,244062,1386624,1,1294336,8503931631,8423140882,234475,80.455000,134.436000,0.000000,0.000000,214.891000,0.000000,node1,kepler-exporter-9qlzt,kepler-exporter,1666163850,0
194,node_energy_stat,kepler-exporter,Broadwell,http,node1,kepler-exporter,monitoring,14,0,495616,7876030,472335,3022848,119584,472335,0,0,5636417347,3949340179,171080,62.025000,126.681000,0.000000,0.000000,188.706000,0.000000,node1,kepler-exporter-9qlzt,kepler-exporter,1666163346,0
195,node_energy_stat,kepler-exporter,Broadwell,http,node1,kepler-exporter,monitoring,14,0,53248,19102025,2635861,3653632,319601,2635861,0,0,11032875330,4832134101,215617,60.171000,128.868000,0.000000,0.000000,189.039000,0.000000,node1,kepler-exporter-9qlzt,kepler-exporter,1666163898,0
196,node_energy_stat,kepler-exporter,Broadwell,http,node1,kepler-exporter,monitoring,14,0,53248,3163982,186845,3694592,80904,186845,3,958464,2932260505,1457503555,150683,40.111000,116.594000,0.000000,0.000000,156.705000,0.000000,node1,kepler-exporter-9qlzt,kepler-exporter,1666163019,0
197,node_energy_stat,kepler-exporter,Broadwell,http,node1,kepler-exporter,monitoring,14,0,53248,3430072,288808,6627328,73225,288808,1,0,3173852972,2091747399,151237,39.266000,119.407000,0.000000,0.000000,158.673000,0.000000,node1,kepler-exporter-9qlzt,kepler-exporter,1666163481,0
198,node_energy_stat,kepler-exporter,Broadwell,http,node1,kepler-exporter,monitoring,14,0,53248,3477156,212220,3252224,78669,212220,1,0,3465953613,2042695283,146313,43.574000,116.224000,0.000000,0.000000,159.798000,0.000000,node1,kepler-exporter-9qlzt,kepler-exporter,1666163739,0
199,node_energy_stat,kepler-exporter,Broadwell,http,node1,kepler-exporter,monitoring,14,0,53248,3738389,189574,2539520,76613,189574,1,0,3533950959,2139152514,149736,41.426000,118.695000,0.000000,0.000000,160.121000,0.000000,node1,kepler-exporter-9qlzt,kepler-exporter,1666163289,0
200,node_energy_stat,kepler-exporter,Broadwell,http,node1,kepler-exporter,monitoring,14,0,53248,4976923,377636,15532032,113286,377636,2,0,4325227225,2245272436,199430,37.429000,127.448000,0.000000,0.000000,164.877000,0.000000,node1,kepler-exporter-9qlzt,kepler-exporter,1666163091,0
201,node_energy_stat,kepler-exporter,Broadwell,http,node1,kepler-exporter,monitoring,14,0,53248,5594952,676391,1740800,276234,676391,0,0,5291831294,2154573098,157323,38.494000,127.746000,0.000000,0.000000,166.240000,0.000000,node1,kepler-exporter-9qlzt,kepler-exporter,1666163133,0
202,node_energy_stat,kepler-exporter,Broadwell,http,node1,kepler-exporter,monitoring,14,0,53248,5659221,686824,15659008,305452,686824,0,0,5458856563,2496376306,177764,45.449000,125.347000,0.000000,0.000000,170.796000,0.000000,node1,kepler-exporter-9qlzt,kepler-exporter,1666163808,0
203,node_energy_stat,kepler-exporter,Broadwell,http,node1,kepler-exporter,monitoring,14,0,53248,6235628,657304,8867840,265287,657304,0,0,5701393068,3001273520,204409,52.727000,128.147000,0.000000,0.000000,180.874000,0.000000,node1,kepler-exporter-9qlzt,kepler-exporter,1666163238,0
204,node_energy_stat,kepler-exporter,Broadwell,http,node1,kepler-exporter,monitoring,14,0,53248,8890411,1125918,2887680,136187,1125918,1,0,7307801652,8051634400,171289,61.368000,128.449000,0.000000,0.000000,189.817000,0.000000,node1,kepler-exporter-9qlzt,kepler-exporter,1666163760,0
205,node_energy_stat,kepler-exporter,Broadwell,http,node1,kepler-exporter,monitoring,14,0,57344,19351773,2902650,12861440,187081,2902650,1,249856,12540880097,10715304187,176112,68.008000,130.673000,0.000000,0.000000,198.681000,0.000000,node1,kepler-exporter-9qlzt,kepler-exporter,1666163340,0
206,node_energy_stat,kepler-exporter,Broadwell,http,node1,kepler-exporter,monitoring,14,0,57344,3415516,281237,19591168,71088,281237,2,0,3276398989,1642006841,161066,41.046000,117.326000,0.000000,0.000000,158.372000,0.000000,node1,kepler-exporter-9qlzt,kepler-exporter,1666163301,0
207,node_energy_stat,kepler-exporter,Broadwell,http,node1,kepler-exporter,monitoring,14,0,57344,3596561,190184,2826240,86854,190184,2,675840,3374858918,1972469626,166207,40.579000,119.298000,0.000000,0.000000,159.877000,0.000000,node1,kepler-exporter-9qlzt,kepler-exporter,1666163559,0
208,node_energy_stat,kepler-exporter,Broadwell,http,node1,kepler-exporter,monitoring,14,0,57344,5344761,363574,2924544,104202,363574,0,0,4444831470,2003326632,168824,40.941000,122.983000,0.000000,0.000000,163.924000,0.000000,node1,kepler-exporter-9qlzt,kepler-exporter,1666163112,0
209,node_energy_stat,kepler-exporter,Broadwell,http,node1,kepler-exporter,monitoring,14,0,57344,6013077,574226,9240576,223366,574226,0,0,4970421931,2598168699,177398,57.747000,122.992000,0.000000,0.000000,180.739000,0.000000,node1,kepler-exporter-9qlzt,kepler-exporter,1666163358,0
210,node_energy_stat,kepler-exporter,Broadwell,http,node1,kepler-exporter,monitoring,14,0,57344,8374391,478777,3424256,66959,478777,0,0,5680890332,2736251896,185123,45.332000,124.491000,0.000000,0.000000,169.823000,0.000000,node1,kepler-exporter-9qlzt,kepler-exporter,1666163892,0
211,node_energy_stat,kepler-exporter,Broadwell,http,node1,kepler-exporter,monitoring,14,0,598016,6543244,525794,6189056,160130,525794,0,0,5118776094,3667299694,160031,46.274000,122.274000,0.000000,0.000000,168.548000,0.000000,node1,kepler-exporter-9qlzt,kepler-exporter,1666163025,0
212,node_energy_stat,kepler-exporter,Broadwell,http,node1,kepler-exporter,monitoring,14,0,606208,6714223,482454,5341184,118659,482454,0,0,4840652910,3323435148,158269,46.351000,122.519000,0.000000,0.000000,168.870000,0.000000,node1,kepler-exporter-9qlzt,kepler-exporter,1666163214,0
213,node_energy_stat,kepler-exporter,Broadwell,http,node1,kepler-exporter,monitoring,14,0,61440,29115753,3253082,8261632,276467,3253082,1,401408,17754659591,11919897973,179230,72.177000,133.101000,0.000000,0.000000,205.278000,0.000000,node1,kepler-exporter-9qlzt,kepler-exporter,1666163100,0
214,node_energy_stat,kepler-exporter,Broadwell,http,node1,kepler-exporter,monitoring,14,0,61440,3898029,207475,2355200,60220,207475,0,0,4076277279,2132387925,164544,41.803000,119.686000,0.000000,0.000000,161.489000,0.000000,node1,kepler-exporter-9qlzt,kepler-exporter,1666163457,0
215,node_energy_stat,kepler-exporter,Broadwell,http,node1,kepler-exporter,monitoring,14,0,61440,4108113,369997,4456448,87197,369997,1,0,3754967894,1747313223,200606,39.516000,120.069000,0.000000,0.000000,159.585000,0.000000,node1,kepler-exporter-9qlzt,kepler-exporter,1666163181,0
216,node_energy_stat,kepler-exporter,Broadwell,http,node1,kepler-exporter,monitoring,14,0,61440,4168390,374006,15601664,97447,374006,2,0,3494320761,1687213113,166680,40.456000,120.952000,0.000000,0.000000,161.408000,0.000000,node1,kepler-exporter-9qlzt,kepler-exporter,1666163811,0
217,node_energy_stat,kepler-exporter,Broadwell,http,node1,kepler-exporter,monitoring,14,0,61440,4347131,258257,2592768,95159,258257,2,610304,4136257356,2142508974,157065,39.856000,122.527000,0.000000,0.000000,162.383000,0.000000,node1,kepler-exporter-9qlzt,kepler-exporter,1666163619,0
218,node_energy_stat,kepler-exporter,Broadwell,http,node1,kepler-exporter,monitoring,14,0,61440,4554846,225852,2404352,59156,225852,0,0,4471731761,2492276394,189271,38.439000,124.010000,0.000000,0.000000,162.449000,0.000000,node1,kepler-exporter-9qlzt,kepler-exporter,1666163622,0
219,node_energy_stat,kepler-exporter,Broadwell,http,node1,kepler-exporter,monitoring,14,0,61440,4703151,276177,2920448,87724,276177,0,0,4478944948,2252815310,163842,38.821000,124.112000,0.000000,0.000000,162.933000,0.000000,node1,kepler-exporter-9qlzt,kepler-exporter,1666163427,0
220,node_energy_stat,kepler-exporter,Broadwell,http,node1,kepler-exporter,monitoring,14,0,61440,5193382,372838,7561216,86269,372838,0,0,4727728215,2473337198,164473,42.582000,121.165000,0.000000,0.000000,163.747000,0.000000,node1,kepler-exporter-9qlzt,kepler-exporter,1666163127,0
221,node_energy_stat,kepler-exporter,Broadwell,http,node1,kepler-exporter,monitoring,14,0,61440,6142254,725401,4575232,281769,725401,0,0,5717264189,2899939997,163880,43.292000,128.911000,0.000000,0.000000,172.203000,0.000000,node1,kepler-exporter-9qlzt,kepler-exporter,1666163733,0
222,node_energy_stat,kepler-exporter,Broadwell,http,node1,kepler-exporter,monitoring,14,0,61440,6191939,733985,17010688,252106,733985,0,0,5334146787,2838849768,166466,43.315000,124.267000,0.000000,0.000000,167.582000,0.000000,node1,kepler-exporter-9qlzt,kepler-exporter,1666163643,0
223,node_energy_stat,kepler-exporter,Broadwell,http,node1,kepler-exporter,monitoring,14,0,618496,22357943,2993009,8372224,328182,2993009,1,872448,13418414740,10510486241,210061,69.114000,134.965000,0.000000,0.000000,204.079000,0.000000,node1,kepler-exporter-9qlzt,kepler-exporter,1666162980,0
224,node_energy_stat,kepler-exporter,Broadwell,http,node1,kepler-exporter,monitoring,14,0,634880,4894032,339922,4165632,65106,339922,0,0,4388923099,2022168976,178865,39.662000,121.323000,0.000000,0.000000,160.985000,0.000000,node1,kepler-exporter-9qlzt,kepler-exporter,1666163142,0
225,node_energy_stat,kepler-exporter,Broadwell,http,node1,kepler-exporter,monitoring,14,0,643072,5821467,832771,4145152,318948,832771,0,0,5878420533,2968445814,151453,46.617000,123.934000,0.000000,0.000000,170.551000,0.000000,node1,kepler-exporter-9qlzt,kepler-exporter,1666163763,0
226,node_energy_stat,kepler-exporter,Broadwell,http,node1,kepler-exporter,monitoring,14,0,651264,7729125,1173751,11112448,166331,1173751,1,90112,6902990319,7489967535,172910,64.646000,121.983000,0.000000,0.000000,186.629000,0.000000,node1,kepler-exporter-9qlzt,kepler-exporter,1666163610,0
227,node_energy_stat,kepler-exporter,Broadwell,http,node1,kepler-exporter,monitoring,14,0,65536,17897246,4742396,17842176,1610751,4742396,0,0,20894301974,20624156534,105115,166.257000,156.388000,0.000000,0.000000,322.645000,0.000000,node1,kepler-exporter-9qlzt,kepler-exporter,1666163328,0
228,node_energy_stat,kepler-exporter,Broadwell,http,node1,kepler-exporter,monitoring,14,0,65536,4054961,215405,3383296,80510,215405,0,0,3790897210,1672617220,162004,40.362000,118.992000,0.000000,0.000000,159.354000,0.000000,node1,kepler-exporter-9qlzt,kepler-exporter,1666163787,0
229,node_energy_stat,kepler-exporter,Broadwell,http,node1,kepler-exporter,monitoring,14,0,65536,4236590,508762,21512192,207650,508762,0,0,4723397520,2608487130,169447,50.430000,120.201000,0.000000,0.000000,170.631000,0.000000,node1,kepler-exporter-9qlzt,kepler-exporter,1666163298,0
230,node_energy_stat,kepler-exporter,Broadwell,http,node1,kepler-exporter,monitoring,14,0,65536,5089109,564900,13250560,253165,564900,0,0,4675932165,2437394117,215206,47.828000,123.474000,0.000000,0.000000,171.302000,0.000000,node1,kepler-exporter-9qlzt,kepler-exporter,1666162968,0
231,node_energy_stat,kepler-exporter,Broadwell,http,node1,kepler-exporter,monitoring,14,0,65536,5531256,364660,2850816,69997,364660,0,0,4799898897,2754920313,174035,40.860000,121.911000,0.000000,0.000000,162.771000,0.000000,node1,kepler-exporter-9qlzt,kepler-exporter,1666163832,0
232,node_energy_stat,kepler-exporter,Broadwell,http,node1,kepler-exporter,monitoring,14,0,65536,8230073,1223697,7667712,174763,1223697,2,176128,7197038943,7494667667,157504,61.782000,125.587000,0.000000,0.000000,187.369000,0.000000,node1,kepler-exporter-9qlzt,kepler-exporter,1666163130,0
233,node_energy_stat,kepler-exporter,Broadwell,http,node1,kepler-exporter,monitoring,14,0,655360,4048026,190857,1896448,66872,190857,0,0,4094039917,2165351412,162243,42.618000,116.577000,0.000000,0.000000,159.195000,0.000000,node1,kepler-exporter-9qlzt,kepler-exporter,1666163547,0
234,node_energy_stat,kepler-exporter,Broadwell,http,node1,kepler-exporter,monitoring,14,0,655360,5364362,649862,8024064,227041,649862,0,0,5272472560,2783780231,156927,45.986000,125.156000,0.000000,0.000000,171.142000,0.000000,node1,kepler-exporter-9qlzt,kepler-exporter,1666163853,0
235,node_energy_stat,kepler-exporter,Broadwell,http,node1,kepler-exporter,monitoring,14,0,659456,5812735,358552,6320128,69751,358552,0,0,4912620773,2419020002,191259,38.567000,123.595000,0.000000,0.000000,162.162000,0.000000,node1,kepler-exporter-9qlzt,kepler-exporter,1666163952,0
236,node_energy_stat,kepler-exporter,Broadwell,http,node1,kepler-exporter,monitoring,14,0,659456,6070371,794474,2633728,274253,794474,0,0,5419247906,2300754044,197138,48.436000,127.219000,0.000000,0.000000,175.655000,0.000000,node1,kepler-exporter-9qlzt,kepler-exporter,1666163403,0
237,node_energy_stat,kepler-exporter,Broadwell,http,node1,kepler-exporter,monitoring,14,0,667648,4398120,199950,1699840,66229,199950,0,0,4475930255,2584218371,163123,43.515000,120.304000,0.000000,0.000000,163.819000,0.000000,node1,kepler-exporter-9qlzt,kepler-exporter,1666163187,0
238,node_energy_stat,kepler-exporter,Broadwell,http,node1,kepler-exporter,monitoring,14,0,667648,4909062,622581,2990080,293681,622581,0,0,5198337269,2522464479,157157,49.582000,124.109000,0.000000,0.000000,173.691000,0.000000,node1,kepler-exporter-9qlzt,kepler-exporter,1666163538,0
239,node_energy_stat,kepler-exporter,Broadwell,http,node1,kepler-exporter,monitoring,14,0,667648,8170725,762751,4616192,258762,762751,0,0,6224531316,3980110177,168868,45.045000,129.302000,0.000000,0.000000,174.347000,0.000000,node1,kepler-exporter-9qlzt,kepler-exporter,1666162995,0
240,node_energy_stat,kepler-exporter,Broadwell,http,node1,kepler-exporter,monitoring,14,0,671744,17439644,1331344,2445312,239139,1331344,1,98304,13460551022,9647672311,177115,76.880000,133.200000,0.000000,0.000000,210.080000,0.000000,node1,kepler-exporter-9qlzt,kepler-exporter,1666163010,0
241,node_energy_stat,kepler-exporter,Broadwell,http,node1,kepler-exporter,monitoring,14,0,675840,3429880,180730,1744896,71554,180730,2,0,3507886076,2077580756,151724,41.574000,119.047000,0.000000,0.000000,160.621000,0.000000,node1,kepler-exporter-9qlzt,kepler-exporter,1666163439,0
242,node_energy_stat,kepler-exporter,Broadwell,http,node1,kepler-exporter,monitoring,14,0,675840,5078835,684271,5103616,265259,684271,0,0,4928733171,2032206993,168045,45.382000,122.985000,0.000000,0.000000,168.367000,0.000000,node1,kepler-exporter-9qlzt,kepler-exporter,1666163373,0
243,node_energy_stat,kepler-exporter,Broadwell,http,node1,kepler-exporter,monitoring,14,0,679936,5336451,355331,3112960,71787,355331,0,0,4602290337,2100832339,181430,39.058000,121.375000,0.000000,0.000000,160.433000,0.000000,node1,kepler-exporter-9qlzt,kepler-exporter,1666163382,0
244,node_energy_stat,kepler-exporter,Broadwell,http,node1,kepler-exporter,monitoring,14,0,684032,8949430,1158214,3698688,156174,1158214,1,671744,7512475300,8039945350,178740,65.784000,127.214000,0.000000,0.000000,192.998000,0.000000,node1,kepler-exporter-9qlzt,kepler-exporter,1666163730,0
245,node_energy_stat,kepler-exporter,Broadwell,http,node1,kepler-exporter,monitoring,14,0,692224,7050644,571320,4108288,192334,571320,0,0,5425064264,3549982837,184718,44.560000,124.229000,0.000000,0.000000,168.789000,0.000000,node1,kepler-exporter-9qlzt,kepler-exporter,1666163385,0
246,node_energy_stat,kepler-exporter,Broadwell,http,node1,kepler-exporter,monitoring,14,0,69632,12137472,205550,2699264,89372,205550,4,585728,9672255397,4242086133,261551,51.918000,122.399000,0.000000,0.000000,174.317000,0.000000,node1,kepler-exporter-9qlzt,kepler-exporter,1666163409,0
247,node_energy_stat,kepler-exporter,Broadwell,http,node1,kepler-exporter,monitoring,14,0,69632,20645029,3216143,8773632,242439,3216143,4,0,13053428055,10876418062,173580,91.650000,130.744000,0.000000,0.000000,222.394000,0.000000,node1,kepler-exporter-9qlzt,kepler-exporter,1666163220,0
248,node_energy_stat,kepler-exporter,Broadwell,http,node1,kepler-exporter,monitoring,14,0,69632,3879175,336549,5677056,85077,336549,2,0,3487890024,1797466022,173908,39.037000,120.098000,0.000000,0.000000,159.135000,0.000000,node1,kepler-exporter-9qlzt,kepler-exporter,1666162971,0
249,node_energy_stat,kepler-exporter,Broadwell,http,node1,kepler-exporter,monitoring,14,0,69632,5879903,741167,10297344,249349,741167,0,0,5269843203,2210417863,152820,45.608000,123.884000,0.000000,0.000000,169.492000,0.000000,node1,kepler-exporter-9qlzt,kepler-exporter,1666163253,0
250,node_energy_stat,kepler-exporter,Broadwell,http,node1,kepler-exporter,monitoring,14,0,69632,5889819,823074,5267456,215974,823074,0,0,5410190722,2235752726,161495,44.675000,123.976000,0.000000,0.000000,168.651000,0.000000,node1,kepler-exporter-9qlzt,kepler-exporter,1666163193,0
251,node_energy_stat,kepler-exporter,Broadwell,http,node1,kepler-exporter,monitoring,14,0,69632,6114666,496561,4890624,122660,496561,0,0,5632830515,2907102790,187225,37.601000,128.495000,0.000000,0.000000,166.096000,0.000000,node1,kepler-exporter-9qlzt,kepler-exporter,1666163562,0
252,node_energy_stat,kepler-exporter,Broadwell,http,node1,kepler-exporter,monitoring,14,0,69632,7071503,727263,8900608,236197,727263,0,0,5703354901,2499761916,175408,45.184000,125.772000,0.000000,0.000000,170.956000,0.000000,node1,kepler-exporter-9qlzt,kepler-exporter,1666163103,0
253,node_energy_stat,kepler-exporter,Broadwell,http,node1,kepler-exporter,monitoring,14,0,69632,7450094,1025429,10162176,250398,1025429,0,0,6353648243,3152311312,221515,46.623000,125.581000,0.000000,0.000000,172.204000,0.000000,node1,kepler-exporter-9qlzt,kepler-exporter,1666163673,0
254,node_energy_stat,kepler-exporter,Broadwell,http,node1,kepler-exporter,monitoring,14,0,696320,17976571,2789936,7667712,260761,2789936,0,0,11231482888,5668644458,162799,81.795000,126.190000,0.000000,0.000000,207.985000,0.000000,node1,kepler-exporter-9qlzt,kepler-exporter,1666163823,0
255,node_energy_stat,kepler-exporter,Broadwell,http,node1,kepler-exporter,monitoring,14,0,696320,7710374,663998,2469888,163963,663998,0,0,5409263833,3725605491,170556,48.799000,123.747000,0.000000,0.000000,172.546000,0.000000,node1,kepler-exporter-9qlzt,kepler-exporter,1666163184,0
256,node_energy_stat,kepler-exporter,Broadwell,http,node1,kepler-exporter,monitoring,14,0,704512,8062804,962491,4014080,317743,962491,0,0,6756726303,3348517166,188814,50.067000,129.746000,0.000000,0.000000,179.813000,0.000000,node1,kepler-exporter-9qlzt,kepler-exporter,1666163793,0
257,node_energy_stat,kepler-exporter,Broadwell,http,node1,kepler-exporter,monitoring,14,0,704512,9118454,1261185,3391488,191050,1261185,1,684032,7699316617,8217171607,169491,73.610000,130.742000,0.000000,0.000000,204.352000,0.000000,node1,kepler-exporter-9qlzt,kepler-exporter,1666163700,0
258,node_energy_stat,kepler-exporter,Broadwell,http,node1,kepler-exporter,monitoring,14,0,708608,4702702,242088,5808128,74986,242088,0,0,4589615427,2392249746,155103,42.549000,122.825000,0.000000,0.000000,165.374000,0.000000,node1,kepler-exporter-9qlzt,kepler-exporter,1666163577,0
259,node_energy_stat,kepler-exporter,Broadwell,http,node1,kepler-exporter,monitoring,14,0,708608,5488551,721532,13398016,326201,721532,0,0,5352306435,2549408627,152677,46.903000,128.765000,0.000000,0.000000,175.668000,0.000000,node1,kepler-exporter-9qlzt,kepler-exporter,1666163208,0
260,node_energy_stat,kepler-exporter,Broadwell,http,node1,kepler-exporter,monitoring,14,0,708608,5669488,649693,4870144,293062,649693,0,0,5342368390,2570528825,176992,47.272000,127.544000,0.000000,0.000000,174.816000,0.000000,node1,kepler-exporter-9qlzt,kepler-exporter,1666163568,0
261,node_energy_stat,kepler-exporter,Broadwell,http,node1,kepler-exporter,monitoring,14,0,724992,25994869,2567166,19062784,253167,2567166,0,0,14757172816,7062281058,187906,77.416000,128.452000,0.000000,0.000000,205.868000,0.000000,node1,kepler-exporter-9qlzt,kepler-exporter,1666163943,0
262,node_energy_stat,kepler-exporter,Broadwell,http,node1,kepler-exporter,monitoring,14,0,724992,4089372,224750,1974272,49221,224750,0,0,4007087652,1927514076,181076,42.432000,118.280000,0.000000,0.000000,160.712000,0.000000,node1,kepler-exporter-9qlzt,kepler-exporter,1666163172,0
263,node_energy_stat,kepler-exporter,Broadwell,http,node1,kepler-exporter,monitoring,14,0,729088,7794262,570738,3289088,177175,570738,0,0,6143966929,3912655486,152891,55.462000,130.606000,0.000000,0.000000,186.068000,0.000000,node1,kepler-exporter-9qlzt,kepler-exporter,1666163616,0
264,node_energy_stat,kepler-exporter,Broadwell,http,node1,kepler-exporter,monitoring,14,0,733184,4785868,370498,12034048,224341,370498,0,0,4729245016,2253302846,155521,43.126000,122.571000,0.000000,0.000000,165.697000,0.000000,node1,kepler-exporter-9qlzt,kepler-exporter,1666163307,0
265,node_energy_stat,kepler-exporter,Broadwell,http,node1,kepler-exporter,monitoring,14,0,73728,11602745,351205,10113024,84255,351205,1,0,9206923813,3374198315,172829,42.522000,123.963000,0.000000,0.000000,166.485000,0.000000,node1,kepler-exporter-9qlzt,kepler-exporter,1666163211,0
266,node_energy_stat,kepler-exporter,Broadwell,http,node1,kepler-exporter,monitoring,14,0,73728,3342378,193445,2056192,87831,193445,2,499712,3008353365,1436661065,159068,39.406000,117.954000,0.000000,0.000000,157.360000,0.000000,node1,kepler-exporter-9qlzt,kepler-exporter,1666163469,0
267,node_energy_stat,kepler-exporter,Broadwell,http,node1,kepler-exporter,monitoring,14,0,73728,4116068,195577,3072000,82600,195577,2,28672,3871232494,2165732102,169077,41.047000,119.637000,0.000000,0.000000,160.684000,0.000000,node1,kepler-exporter-9qlzt,kepler-exporter,1666163589,0
268,node_energy_stat,kepler-exporter,Broadwell,http,node1,kepler-exporter,monitoring,14,0,73728,4886120,239030,1585152,59222,239030,0,0,4324721973,2520199050,170955,41.249000,123.654000,0.000000,0.000000,164.903000,0.000000,node1,kepler-exporter-9qlzt,kepler-exporter,1666163802,0
269,node_energy_stat,kepler-exporter,Broadwell,http,node1,kepler-exporter,monitoring,14,0,73728,5823437,648693,5898240,256018,648693,0,0,5203187578,2509668852,174627,42.230000,125.461000,0.000000,0.000000,167.691000,0.000000,node1,kepler-exporter-9qlzt,kepler-exporter,1666163028,0
270,node_energy_stat,kepler-exporter,Broadwell,http,node1,kepler-exporter,monitoring,14,0,73728,6019040,726649,4435968,304746,726649,0,0,5631484420,2838608288,172085,44.465000,126.394000,0.000000,0.000000,170.859000,0.000000,node1,kepler-exporter-9qlzt,kepler-exporter,1666163613,0
271,node_energy_stat,kepler-exporter,Broadwell,http,node1,kepler-exporter,monitoring,14,0,73728,6097132,635731,11280384,279018,635731,0,0,5410269868,2611973754,154777,49.635000,127.299000,0.000000,0.000000,176.934000,0.000000,node1,kepler-exporter-9qlzt,kepler-exporter,1666163478,0
272,node_energy_stat,kepler-exporter,Broadwell,http,node1,kepler-exporter,monitoring,14,0,73728,6646408,777341,8302592,200095,777341,0,0,5055500837,2492734165,164974,56.559000,122.012000,0.000000,0.000000,178.571000,0.000000,node1,kepler-exporter-9qlzt,kepler-exporter,1666163463,0
273,node_energy_stat,kepler-exporter,Broadwell,http,node1,kepler-exporter,monitoring,14,0,741376,8130147,1200992,2850816,154942,1200992,2,0,7391735357,8324841796,224517,76.389000,124.788000,0.000000,0.000000,201.177000,0.000000,node1,kepler-exporter-9qlzt,kepler-exporter,1666163280,0
274,node_energy_stat,kepler-exporter,Broadwell,http,node1,kepler-exporter,monitoring,14,0,757760,6071445,313344,3366912,57928,313344,0,0,5376605864,2571520953,175236,38.681000,127.297000,0.000000,0.000000,165.978000,0.000000,node1,kepler-exporter-9qlzt,kepler-exporter,1666163217,0
275,node_energy_stat,kepler-exporter,Broadwell,http,node1,kepler-exporter,monitoring,14,0,77824,19053384,3061289,2617344,319583,3061289,0,0,12533735221,5480303284,174535,54.109000,130.409000,0.000000,0.000000,184.518000,0.000000,node1,kepler-exporter-9qlzt,kepler-exporter,1666163703,0
276,node_energy_stat,kepler-exporter,Broadwell,http,node1,kepler-exporter,monitoring,14,0,77824,3216394,191300,2072576,75870,191300,3,0,3338841602,2207952058,164308,41.332000,117.717000,0.000000,0.000000,159.049000,0.000000,node1,kepler-exporter-9qlzt,kepler-exporter,1666163109,0
277,node_energy_stat,kepler-exporter,Broadwell,http,node1,kepler-exporter,monitoring,14,0,77824,3380693,203421,3899392,88801,203421,1,716800,3609591275,2538632155,157792,41.861000,118.472000,0.000000,0.000000,160.333000,0.000000,node1,kepler-exporter-9qlzt,kepler-exporter,1666163199,0
278,node_energy_stat,kepler-exporter,Broadwell,http,node1,kepler-exporter,monitoring,14,0,77824,3472630,193453,2199552,86781,193453,1,139264,3107887141,1791027535,156561,40.614000,120.339000,0.000000,0.000000,160.953000,0.000000,node1,kepler-exporter-9qlzt,kepler-exporter,1666163919,0
279,node_energy_stat,kepler-exporter,Broadwell,http,node1,kepler-exporter,monitoring,14,0,77824,3723848,200060,3682304,85372,200060,1,286720,3305571434,1634570508,155689,38.328000,119.346000,0.000000,0.000000,157.674000,0.000000,node1,kepler-exporter-9qlzt,kepler-exporter,1666162959,0
280,node_energy_stat,kepler-exporter,Broadwell,http,node1,kepler-exporter,monitoring,14,0,77824,4035069,250273,3108864,66398,250273,0,0,3866470792,1674643340,175033,42.246000,117.096000,0.000000,0.000000,159.342000,0.000000,node1,kepler-exporter-9qlzt,kepler-exporter,1666163757,0
281,node_energy_stat,kepler-exporter,Broadwell,http,node1,kepler-exporter,monitoring,14,0,77824,4224716,213201,2248704,80021,213201,1,0,3609101137,1702356647,163307,38.774000,119.809000,0.000000,0.000000,158.583000,0.000000,node1,kepler-exporter-9qlzt,kepler-exporter,1666163049,0
282,node_energy_stat,kepler-exporter,Broadwell,http,node1,kepler-exporter,monitoring,14,0,77824,4383573,215355,6164480,63913,215355,0,0,4016834880,2219056166,158431,39.600000,122.247000,0.000000,0.000000,161.847000,0.000000,node1,kepler-exporter-9qlzt,kepler-exporter,1666163067,0
283,node_energy_stat,kepler-exporter,Broadwell,http,node1,kepler-exporter,monitoring,14,0,77824,4726004,403564,2973696,90864,403564,0,0,4349522473,2021364554,175701,40.123000,121.883000,0.000000,0.000000,162.006000,0.000000,node1,kepler-exporter-9qlzt,kepler-exporter,1666163442,0
284,node_energy_stat,kepler-exporter,Broadwell,http,node1,kepler-exporter,monitoring,14,0,77824,4864699,543018,9965568,237991,543018,0,0,4303133276,1755281996,172412,42.959000,123.202000,0.000000,0.000000,166.161000,0.000000,node1,kepler-exporter-9qlzt,kepler-exporter,1666163868,0
285,node_energy_stat,kepler-exporter,Broadwell,http,node1,kepler-exporter,monitoring,14,0,77824,4877911,537752,7057408,215029,537752,0,0,4470729855,2396103828,158502,61.419000,123.359000,0.000000,0.000000,184.778000,0.000000,node1,kepler-exporter-9qlzt,kepler-exporter,1666163148,0
286,node_energy_stat,kepler-exporter,Broadwell,http,node1,kepler-exporter,monitoring,14,0,77824,4998823,359200,6045696,78135,359200,0,0,4512192696,2060913509,173670,41.856000,119.904000,0.000000,0.000000,161.760000,0.000000,node1,kepler-exporter-9qlzt,kepler-exporter,1666163262,0
287,node_energy_stat,kepler-exporter,Broadwell,http,node1,kepler-exporter,monitoring,14,0,77824,5002867,506244,5058560,214026,506244,0,0,4631526279,2197622254,172034,45.162000,121.203000,0.000000,0.000000,166.365000,0.000000,node1,kepler-exporter-9qlzt,kepler-exporter,1666163508,0
288,node_energy_stat,kepler-exporter,Broadwell,http,node1,kepler-exporter,monitoring,14,0,77824,5479139,560131,6844416,205042,560131,0,0,4815905165,2064584102,189693,46.561000,122.734000,0.000000,0.000000,169.295000,0.000000,node1,kepler-exporter-9qlzt,kepler-exporter,1666163838,0
289,node_energy_stat,kepler-exporter,Broadwell,http,node1,kepler-exporter,monitoring,14,0,77824,5782904,715900,5197824,235504,715900,0,0,5224673221,2140540555,166392,40.683000,124.835000,0.000000,0.000000,165.518000,0.000000,node1,kepler-exporter-9qlzt,kepler-exporter,1666163523,0
290,node_energy_stat,kepler-exporter,Broadwell,http,node1,kepler-exporter,monitoring,14,0,77824,5872193,382360,4415488,61021,382360,0,0,5152021228,2227589754,185355,40.230000,123.008000,0.000000,0.000000,163.238000,0.000000,node1,kepler-exporter-9qlzt,kepler-exporter,1666163052,0
291,node_energy_stat,kepler-exporter,Broadwell,http,node1,kepler-exporter,monitoring,14,0,77824,6504013,786632,1458176,318048,786632,0,0,5962349578,2897738155,201715,39.084000,130.423000,0.000000,0.000000,169.507000,0.000000,node1,kepler-exporter-9qlzt,kepler-exporter,1666163883,0
292,node_energy_stat,kepler-exporter,Broadwell,http,node1,kepler-exporter,monitoring,14,0,77824,8641408,1226561,3944448,186724,1226561,1,499712,7888618415,8474881000,171704,71.653000,129.724000,0.000000,0.000000,201.377000,0.000000,node1,kepler-exporter-9qlzt,kepler-exporter,1666163370,0
293,node_energy_stat,kepler-exporter,Broadwell,http,node1,kepler-exporter,monitoring,14,0,77824,9307911,1138443,2400256,87319,1138443,0,0,7068219326,3435575366,181840,52.948000,122.223000,0.000000,0.000000,175.171000,0.000000,node1,kepler-exporter-9qlzt,kepler-exporter,1666163742,0
294,node_energy_stat,kepler-exporter,Broadwell,http,node1,kepler-exporter,monitoring,14,0,782336,8155572,679402,3776512,198044,679402,0,0,6030203726,3897798305,232199,55.037000,129.618000,0.000000,0.000000,184.655000,0.000000,node1,kepler-exporter-9qlzt,kepler-exporter,1666163715,0
295,node_energy_stat,kepler-exporter,Broadwell,http,node1,kepler-exporter,monitoring,14,0,81920,4085647,197855,9048064,94890,197855,2,0,3894436931,2225137138,166848,41.584000,119.431000,0.000000,0.000000,161.015000,0.000000,node1,kepler-exporter-9qlzt,kepler-exporter,1666163499,0
296,node_energy_stat,kepler-exporter,Broadwell,http,node1,kepler-exporter,monitoring,14,0,81920,4849035,323284,2584576,70252,323284,0,0,4455941333,1881776075,159668,42.789000,119.581000,0.000000,0.000000,162.370000,0.000000,node1,kepler-exporter-9qlzt,kepler-exporter,1666163847,0
297,node_energy_stat,kepler-exporter,Broadwell,http,node1,kepler-exporter,monitoring,14,0,81920,5722966,645867,3706880,251865,645867,0,0,5243472322,2318030246,157182,46.346000,123.786000,0.000000,0.000000,170.132000,0.000000,node1,kepler-exporter-9qlzt,kepler-exporter,1666163283,0
298,node_energy_stat,kepler-exporter,Broadwell,http,node1,kepler-exporter,monitoring,14,0,81920,5733256,352917,2555904,55724,352917,0,0,4961785650,2744896197,186580,41.192000,122.952000,0.000000,0.000000,164.144000,0.000000,node1,kepler-exporter-9qlzt,kepler-exporter,1666163472,0
299,node_energy_stat,kepler-exporter,Broadwell,http,node1,kepler-exporter,monitoring,14,0,81920,5767169,881464,6012928,315834,881464,0,0,6024212744,2498383891,148182,45.253000,125.437000,0.000000,0.000000,170.690000,0.000000,node1,kepler-exporter-9qlzt,kepler-exporter,1666163433,0
300,node_energy_stat,kepler-exporter,Broadwell,http,node1,kepler-exporter,monitoring,14,0,81920,6750584,917463,3022848,338203,917463,0,0,6107028592,2387305920,163026,43.926000,128.159000,0.000000,0.000000,172.085000,0.000000,node1,kepler-exporter-9qlzt,kepler-exporter,1666163163,0
301,node_energy_stat,kepler-exporter,Broadwell,http,node1,kepler-exporter,monitoring,14,0,86016,3459079,198708,2080768,75875,198708,1,475136,3621431525,2242362878,155898,41.386000,117.777000,0.000000,0.000000,159.163000,0.000000,node1,kepler-exporter-9qlzt,kepler-exporter,1666163139,0
302,node_energy_stat,kepler-exporter,Broadwell,http,node1,kepler-exporter,monitoring,14,0,86016,3942202,213104,1171456,81357,213104,0,0,3900620264,1679239132,166340,41.768000,118.404000,0.000000,0.000000,160.172000,0.000000,node1,kepler-exporter-9qlzt,kepler-exporter,1666163697,0
303,node_energy_stat,kepler-exporter,Broadwell,http,node1,kepler-exporter,monitoring,14,0,86016,4370640,213732,12656640,62066,213732,0,0,4106987135,2215394657,166870,40.438000,121.250000,0.000000,0.000000,161.688000,0.000000,node1,kepler-exporter-9qlzt,kepler-exporter,1666162977,0
304,node_energy_stat,kepler-exporter,Broadwell,http,node1,kepler-exporter,monitoring,14,0,86016,5654257,489297,2318336,162526,489297,0,0,5299406944,3478324265,155775,54.881000,123.411000,0.000000,0.000000,178.292000,0.000000,node1,kepler-exporter-9qlzt,kepler-exporter,1666163337,0
305,node_energy_stat,kepler-exporter,Broadwell,http,node1,kepler-exporter,monitoring,14,0,86016,8842240,1254780,2011136,158657,1254780,2,86016,7356024424,7729231447,179178,64.972000,126.924000,0.000000,0.000000,191.896000,0.000000,node1,kepler-exporter-9qlzt,kepler-exporter,1666163190,0
306,node_energy_stat,kepler-exporter,Broadwell,http,node1,kepler-exporter,monitoring,14,0,872448,5607262,474943,2805760,91787,474943,0,0,5194598502,2418193908,191078,41.810000,121.736000,0.000000,0.000000,163.546000,0.000000,node1,kepler-exporter-9qlzt,kepler-exporter,1666163022,0
307,node_energy_stat,kepler-exporter,Broadwell,http,node1,kepler-exporter,monitoring,14,0,884736,9402235,1359266,2211840,236245,1359266,2,303104,8015889356,7792818910,169562,63.756000,132.116000,0.000000,0.000000,195.872000,0.000000,node1,kepler-exporter-9qlzt,kepler-exporter,1666163040,0
308,node_energy_stat,kepler-exporter,Broadwell,http,node1,kepler-exporter,monitoring,14,0,888832,3647111,195148,2457600,71200,195148,0,0,3463581573,1482296041,156956,40.092000,119.056000,0.000000,0.000000,159.148000,0.000000,node1,kepler-exporter-9qlzt,kepler-exporter,1666163907,0
309,node_energy_stat,kepler-exporter,Broadwell,http,node1,kepler-exporter,monitoring,14,0,888832,7807647,350592,5259264,83555,350592,0,0,6878505936,3690000054,191544,44.892000,129.613000,0.000000,0.000000,174.505000,0.000000,node1,kepler-exporter-9qlzt,kepler-exporter,1666163712,0
310,node_energy_stat,kepler-exporter,Broadwell,http,node1,kepler-exporter,monitoring,14,0,90112,11047171,241162,2285568,102235,241162,3,385024,8508630403,3617351628,165920,44.927000,121.975000,0.000000,0.000000,166.902000,0.000000,node1,kepler-exporter-9qlzt,kepler-exporter,1666163829,0
311,node_energy_stat,kepler-exporter,Broadwell,http,node1,kepler-exporter,monitoring,14,0,90112,3083800,291367,3366912,72423,291367,3,0,3052334467,1752513351,170675,48.685000,115.739000,0.000000,0.000000,164.424000,0.000000,node1,kepler-exporter-9qlzt,kepler-exporter,1666163721,0
312,node_energy_stat,kepler-exporter,Broadwell,http,node1,kepler-exporter,monitoring,14,0,90112,5391461,237127,2379776,57100,237127,0,0,4630031196,2206605633,233827,41.777000,123.569000,0.000000,0.000000,165.346000,0.000000,node1,kepler-exporter-9qlzt,kepler-exporter,1666163082,0
313,node_energy_stat,kepler-exporter,Broadwell,http,node1,kepler-exporter,monitoring,14,0,90112,6847862,327189,4345856,81599,327189,2,0,4537904397,2567751552,220078,41.966000,125.673000,0.000000,0.000000,167.639000,0.000000,node1,kepler-exporter-9qlzt,kepler-exporter,1666163061,0
314,node_energy_stat,kepler-exporter,Broadwell,http,node1,kepler-exporter,monitoring,14,0,90112,7000656,894823,9764864,276724,894823,0,0,5815349507,2382070999,210138,45.109000,127.756000,0.000000,0.000000,172.865000,0.000000,node1,kepler-exporter-9qlzt,kepler-exporter,1666163553,0
315,node_energy_stat,kepler-exporter,Broadwell,http,node1,kepler-exporter,monitoring,14,0,905216,9591608,1392033,3293184,236196,1392033,1,1277952,8173238370,8186373586,165085,72.863000,131.139000,0.000000,0.000000,204.002000,0.000000,node1,kepler-exporter-9qlzt,kepler-exporter,1666163670,0
316,node_energy_stat,kepler-exporter,Broadwell,http,node1,kepler-exporter,monitoring,14,0,921600,4391056,315594,3543040,66252,315594,0,0,4367990017,2210497332,168865,46.039000,117.948000,0.000000,0.000000,163.987000,0.000000,node1,kepler-exporter-9qlzt,kepler-exporter,1666163277,0
317,node_energy_stat,kepler-exporter,Broadwell,http,node1,kepler-exporter,monitoring,14,0,925696,6419662,753477,4329472,212883,753477,0,0,5389318796,2277857356,160990,40.991000,127.416000,0.000000,0.000000,168.407000,0.000000,node1,kepler-exporter-9qlzt,kepler-exporter,1666163343,0
318,node_energy_stat,kepler-exporter,Broadwell,http,node1,kepler-exporter,monitoring,14,0,94208,3818554,255089,2842624,78418,255089,2,0,3398603586,1628635539,163311,38.850000,119.394000,0.000000,0.000000,158.244000,0.000000,node1,kepler-exporter-9qlzt,kepler-exporter,1666163751,0
319,node_energy_stat,kepler-exporter,Broadwell,http,node1,kepler-exporter,monitoring,14,0,94208,4319526,204631,4333568,67932,204631,0,0,4175582147,2026995432,165897,40.016000,121.358000,0.000000,0.000000,161.374000,0.000000,node1,kepler-exporter-9qlzt,kepler-exporter,1666163667,0
320,node_energy_stat,kepler-exporter,Broadwell,http,node1,kepler-exporter,monitoring,14,0,94208,4633286,618418,3969024,287769,618418,0,0,4908298927,1994618279,169523,47.786000,124.758000,0.000000,0.000000,172.544000,0.000000,node1,kepler-exporter-9qlzt,kepler-exporter,1666163928,0
321,node_energy_stat,kepler-exporter,Broadwell,http,node1,kepler-exporter,monitoring,14,0,94208,5560778,596818,13639680,240513,596818,0,0,4839998461,2363526444,173162,46.246000,126.218000,0.000000,0.000000,172.464000,0.000000,node1,kepler-exporter-9qlzt,kepler-exporter,1666163448,0
322,node_energy_stat,kepler-exporter,Broadwell,http,node1,kepler-exporter,monitoring,14,0,94208,6045829,287326,3833856,70734,287326,2,0,4199860055,2964356007,154315,41.119000,122.623000,0.000000,0.000000,163.742000,0.000000,node1,kepler-exporter-9qlzt,kepler-exporter,1666163361,0
323,node_energy_stat,kepler-exporter,Broadwell,http,node1,kepler-exporter,monitoring,14,0,950272,7241079,601619,3940352,182401,601619,0,0,5288448169,3251160228,166726,51.203000,127.191000,0.000000,0.000000,178.394000,0.000000,node1,kepler-exporter-9qlzt,kepler-exporter,1666163916,0
324,node_energy_stat,kepler-exporter,Broadwell,http,node1,kepler-exporter,monitoring,14,0,962560,6586899,405835,1613824,135683,405835,0,0,4998887027,3272541256,169562,47.588000,124.859000,0.000000,0.000000,172.447000,0.000000,node1,kepler-exporter-9qlzt,kepler-exporter,1666163886,0
325,node_energy_stat,kepler-exporter,Broadwell,http,node1,kepler-exporter,monitoring,14,0,966656,6777584,378341,4448256,105264,378341,0,0,5302059743,3819655640,202201,46.965000,125.781000,0.000000,0.000000,172.746000,0.000000,node1,kepler-exporter-9qlzt,kepler-exporter,1666163106,0
326,node_energy_stat,kepler-exporter,Broadwell,http,node1,kepler-exporter,monitoring,14,0,978944,8460433,1061089,2183168,84945,1061089,0,0,6796453560,2868956764,158817,48.557000,126.121000,0.000000,0.000000,174.678000,0.000000,node1,kepler-exporter-9qlzt,kepler-exporter,1666163247,0
327,node_energy_stat,kepler-exporter,Broadwell,http,node1,kepler-exporter,monitoring,14,0,98304,5919994,619385,2981888,254083,619385,0,0,5230594743,2666478807,210942,50.925000,127.836000,0.000000,0.000000,178.761000,0.000000,node1,kepler-exporter-9qlzt,kepler-exporter,1666163118,0
328,node_energy_stat,kepler-exporter,Broadwell,http,node1,kepler-exporter,monitoring,14,0,98304,6119088,534631,7593984,249017,534631,0,0,4898552448,2432073768,177051,45.835000,123.455000,0.000000,0.000000,169.290000,0.000000,node1,kepler-exporter-9qlzt,kepler-exporter,1666163388,0
329,node_energy_stat,kepler-exporter,Broadwell,http,node1,kepler-exporter,monitoring,14,0,98304,6817924,340989,2658304,101948,340989,2,0,4563871135,3070805638,153155,50.705000,122.791000,0.000000,0.000000,173.496000,0.000000,node1,kepler-exporter-9qlzt,kepler-exporter,1666163661,0
330,node_energy_stat,kepler-exporter,Broadwell,http,node1,kepler-exporter,monitoring,14,0,98304,6845914,772548,3379200,259720,772548,0,0,5918029821,2882301326,154416,39.356000,127.028000,0.000000,0.000000,166.384000,0.000000,node1,kepler-exporter-9qlzt,kepler-exporter,1666163913,0
331,node_energy_stat,kepler-exporter,Broadwell,http,node1,kepler-exporter,monitoring,14,0,98304,8511157,1235918,10117120,179213,1235918,1,569344,7389687375,8240611971,174204,71.738000,129.220000,0.000000,0.000000,200.958000,0.000000,node1,kepler-exporter-9qlzt,kepler-exporter,1666163580,0
332,node_energy_stat,kepler-exporter,Broadwell,http,node1,kepler-exporter,monitoring,14,0,983040,6723457,482230,8085504,135940,482230,0,0,5239515941,3895881559,157489,49.661000,122.531000,0.000000,0.000000,172.192000,0.000000,node1,kepler-exporter-9qlzt,kepler-exporter,1666163124,0
333,node_energy_stat,kepler-exporter,Broadwell,http,node1,kepler-exporter,monitoring,14,0,995328,5099338,271607,8974336,73855,271607,0,0,4305667416,1765575810,217849,39.817000,120.988000,0.000000,0.000000,160.805000,0.000000,node1,kepler-exporter-9qlzt,kepler-exporter,1666163877,0
